account_name,sector,employees,employee_count_band,hr_product,payroll_product,current_supplier,hr_supplier,hr_product_renewal_date,finance_erp_renewal_date,payroll_product_renewal_date,contract_end_date,has_past_renewal_date_on_file,start_engagement_by,priority,notes
The University of Manchester,Education,12000,1000+,ResourceLink,ResourceLink,Zellis,Zellis,2017-01-08,,2017-01-08,,True,,,
Nelson & Colne College Group,Education,1000,1000+,Chris21,Chris21,Frontier,Frontier,,,,,False,,,
University of Brighton,Education,2300,1000+,ResourceLink,ResourceLink,Zellis,Zellis,,,,,False,,,
University of Lincoln,Education,1850,1000+,ResourceLink,ResourceLink,Zellis,Zellis,,,,,False,,,
Sussex Coast College Hastings,Education,658,400-1000,ResourceLink,ResourceLink,Zellis,Zellis,,,,,False,,,
Nescot College,Education,588,400-1000,,,CIPHR,CIPHR,2014-01-01,,2014-01-01,,True,,,
Asquith Court Nurseries Ltd,Education,2500,1000+,Opera,Opera,Pegasus,Pegasus,,,,,False,,,
Walsall College,Education,730,400-1000,,,Zellis,Zellis,2028-06-16,,,2028-06-16,False,2027-06-16,,
York St John University,Education,1200,1000+,,,,,,,,,False,,,
UCL,Education,1800,1000+,,,Oracle,Oracle,,,,,False,,,
University of Bristol,Education,8000,1000+,Unit4 Business Software,Unit4 Business Software,Agresso,Agresso,,,,,False,,,
Stoke On Trent College,Education,553,400-1000,Chris21,Chris21,Frontier,Frontier,,,,,False,,,
John Innes Centre,Education,900,400-1000,,,Jane Systems,Jane Systems,,,,,False,,,
Stanmore College,Education,250,100-400,,,Civica,Civica,2025-03-27,,2025-03-26,,True,,,
St Aloysius College Glasgow,Education,121,100-400,In House,Moorepay,Northgate,,,,,,False,,,
"St Catherines College, Cambridge",Education,250,100-400,In House,EARNIE,Intex,,,,,,False,,,
The Isle Of Wight College,Education,395,100-400,Chris21,Chris21,Frontier,Frontier,,,,,False,,,
The Royal Harbour Academy,Education,211,100-400,,,,,,,,,False,,,
Lancing College,Education,600,400-1000,PASS,PASS,WCBS,WCBS,,,,,False,,,
Leeds Conservatoire,Education,150,100-400,QLX,EARNIE,Intex,Agresso,,,,,False,,,
Trent College,Education,410,400-1000,PASS,PASS,WCBS,WCBS,,,,,False,,,
Total People,Education,250,100-400,World Service,World Service,SFP,SFP,,,,,False,,,
Ratcliffe College,Education,250,100-400,,,IRIS,,,,,,False,,,
King's Bruton,Education,350,100-400,PASS,PASS,WCBS,WCBS,,,,,False,,,
"Magdalen College, Oxford",Education,170,100-400,,,Cintra,Cintra,,,,,False,,,
Magdalen College School,Education,100,100-400,SIMS,SIMS,Capita,Capita,,,,,False,,,
Hurstpierpoint College,Education,300,100-400,PASS,PASS,WCBS,WCBS,,,,,False,,,
Framlingham College,Education,300,100-400,Oasis,Oasis,FSI,FSI,,,,,False,,,
Epsom College,Education,550,400-1000,,,,,,,,,False,,,
Craven College,Education,401,400-1000,,,Civica,Civica,2028-04-01,,2028-04-01,2028-04-01,False,2027-04-01,,
Edge Hill University,Education,5000,1000+,ResourceLink,ResourceLink,Zellis,Zellis,,,,,False,,,
Borders College,Education,401,400-1000,Chris21,Chris21,Frontier,Frontier,2025-03-04,,2025-03-04,,True,,,
Leeds Arts University,Education,300,100-400,,,SAP,SAP,,,,,False,,,
Oise Ltd,Education,200,100-400,,,,,,,,,False,,,
Wycliffe College,Education,360,100-400,PASS,PASS,WCBS,WCBS,,,,,False,,,
Bolton School,Education,248,100-400,PASS,PASS,WCBS,WCBS,,,,,False,,,
Leek College of Further Education,Education,260,100-400,ResourceLink,ResourceLink,Northgate,Northgate,,,,,False,,,
Worcester Sixth Form College,Education,250,100-400,,Unknown Product,Other LA,CIPHR,,,,,False,,,
Tameside College,Education,550,400-1000,Chris21,Chris21,Frontier,Frontier,2011-12-06,,2011-12-06,,True,,,
Garibaldi College,Education,121,100-400,In House,Unknown Product,Other LA,,,,,,False,,,
Goldsmiths University Of London,Education,2000,1000+,Unit4 Business Software,Unit4 Business Software,Unit4,Unit4,2029-12-01,,2025-12-01,2029-12-01,True,2027-12-01,,
Arts University Plymouth,Education,200,100-400,,,,Access,,,,,False,,,
University of Westminster,Education,1956,1000+,Unknown Product,Unknown Product,SAP,SAP,,,,,False,,,
Swansea University,Education,2700,1000+,,,Unit4,Unit4,,,,,False,,,
Aberystwyth University,Education,2200,1000+,Unknown Product,Unknown Product,Agresso,Agresso,,,,,False,,,
Ulster University,Education,2461,1000+,PeopleXD,Access,Access Group,Access,2027-07-10,,2027-07-10,2027-07-10,False,2025-07-10,,
Durham University,Education,3501,1000+,,,Oracle,Oracle,,,,,False,,,
University of Buckingham,Education,793,400-1000,,,TechOne,TechOne,2028-07-14,,,2028-07-14,False,2027-07-14,,
University of Birmingham,Education,6640,1000+,Unknown Product,Unknown Product,Oracle,Oracle,,,,,False,,,
Northumbria University,Education,3500,1000+,Unknown Product,,Oracle,Oracle,,,,,False,,,
University of Chester,Education,2469,1000+,ResourceLink,ResourceLink,Zellis,Zellis,,,,,False,,,
Truro College,Education,1310,1000+,ResourceLink,ResourceLink,Zellis,Zellis,,,,,False,,,
Colchester Institute,Education,791,400-1000,,Unknown Product,Cintra,HiBob,2026-01-22,,,,True,,,
Dublin City University,Education,1577,1000+,Unknown Product,Unknown Product,Core International,Core International,,,,,False,,,
Gr?p Llandrillo Menai,Education,1670,1000+,Unknown Product,Unknown Product,Zellis,Zellis,,,,,False,,,
University of Cumbria,Education,2000,1000+,ResourceLink,ResourceLink,Zellis,Zellis,2027-07-31,,2027-07-31,2027-07-31,False,2025-07-31,,
De Montfort University,Education,1896,1000+,,,SAP,SAP,,,,,False,,,
Hartpury University And Hartpury College,Education,650,400-1000,Access,Access,Access Group,Access,,,,,False,,,
New College Pontefract,Education,200,100-400,,SnowdropKCS,Sage,,,,,,False,,,
Cheshire College - South & West,Education,700,400-1000,ResourceLink,ResourceLink,Logica CMG,Select HR,2016-01-10,,2016-01-10,,True,,,
University of Greenwich,Education,2272,1000+,Unknown Product,Unknown Product,Oracle,Oracle,,,,,False,,,
Oxford Brookes University,Education,2800,1000+,,,CoreHR,CoreHR,,,,,False,,,
Gr?p Colegau NPTC Group Of Colleges,Education,923,400-1000,Unknown Product,Unknown Product,Zellis,Zellis,,,,,False,,,
Cranfield University,Education,2000,1000+,Unit4,,Unit4,Unit4,,,,,False,,,
University of Liverpool,Education,7800,1000+,,,CoreHR,CoreHR,2027-01-24,,2024-01-24,2027-01-24,True,2025-01-24,,
University of Sussex,Education,4400,1000+,ResourceLink,ResourceLink,Zellis,Zellis,,,,,False,,,
University of Northampton,Education,2000,1000+,Unknown Product,Unknown Product,Agresso,Agresso,,,,,False,,,
Bright Horizons UK,Education,2194,1000+,,,Bright Pay,Workday,,,,,False,,,
Pearson PLC,Education,2279,1000+,Unknown Product,Unknown Product,SAP,SAP,,,,,False,,,
The Fire Service College,Education,250,100-400,Unknown Product,,,NorthgateArinso,,,,,False,,,
The American School In London,Education,370,100-400,In House,In House,,,,,,,False,,,
Totton College,Education,150,100-400,Unknown Product,Unknown Product,Cintra,Select HR,,,,,False,,,
John Leggott Sixth Form College,Education,160,100-400,,Unknown Product,Other LA,,,,,,False,,,
James Allen?s Girls? School,Education,450,400-1000,,,CIPHR,CIPHR,2025-01-01,,2025-01-01,,True,,,
Long Road Sixth Form College,Education,284,100-400,Advanced Business Solutions e5,Unknown Product,Cintra,,,,,,False,,,
Malvern St James School,Education,350,100-400,In House,Unknown Product,West Country Business Systems,,,,,,False,,,
Morley College London,Education,800,400-1000,Professional Personnel,Unknown Product,Pyramid HR,Bond Group,,,,,False,,,
Hills Road Sixth Form College,Education,351,100-400,,In House,,,,,,,False,,,
Greenhead College,Education,178,100-400,SnowdropKCS,SnowdropKCS,Sage,Sage,,,,,False,,,
Derwen College,Education,180,100-400,In House,In House,,,,,,,False,,,
Bolton College,Education,750,400-1000,Infosupport,Unknown Product,Selima,Bond Group,,,,,False,,,
City Of Stoke-on-Trent Sixth Form College,Education,300,100-400,Unknown Product,Chris21,Frontier,Select HR,,,,,False,,,
The Northern School Of Art,Education,280,100-400,,,Moorepay,Sage,,,,,False,,,
"The Sixth Form College, Colchester",Education,392,100-400,Unknown Product,Unknown Product,Cintra,Cintra,,,,,False,,,
New College Lanarkshire,Education,920,400-1000,Snowdrop,Unknown Product,Ceridian,Sage,,,,,False,,,
Peter Symonds College,Education,504,400-1000,Unknown Product,Unknown Product,SFP,SFP,,,,,False,,,
BHASVIC Alumni And Parents,Education,340,100-400,Unknown Product,Unknown Product,Cintra,Select HR,,,,,False,,,
Stranmillis University College,Education,220,100-400,PAMS,Unknown Product,Wealden,Hallmark,,,,,False,,,
Bexhill College,Education,250,100-400,Unknown Product,Unknown Product,Cintra,Cintra,,,,,False,,,
Fife College,Education,850,400-1000,,,Civica,Civica,,,,,False,,,
Ruskin Mill Trust,Education,547,400-1000,Access - Select HR,,IRIS,Access,,,,,False,,,
Priestley College,Education,250,100-400,In House,In House,,,,,,,False,,,
Holy Cross College,Education,250,100-400,,,,CIPHR,2023-07-12,,,,True,,,
Wilberforce College,Education,220,100-400,,Unknown Product,Cintra,,,,,,False,,,
University of Suffolk,Education,666,400-1000,,,TechOne,TechOne,,,,,False,,,
East Riding College,Education,508,400-1000,Unknown Product,Unknown Product,Arvato Services,Select HR,,,2013-01-08,,True,,,
South Craven School Academy,Education,215,100-400,,,,,,,,,False,,,
Wales High School,Education,250,100-400,,,,,,,,,False,,,
GSM London,Education,500,400-1000,,Sage,Sage,,,,,,False,,,
Cranbrook School,Education,300,100-400,,,,,,,,,False,,,
Leighton Park School,Education,300,100-400,,PASS,WCBS,,,,,,False,,,
Headington Rye Oxford,Education,422,400-1000,,,,,,,,,False,,,
Methodist College Belfast,Education,300,100-400,Opera,Opera,Pegasus,Pegasus,,,,,False,,,
Mayfield School,Education,250,100-400,SIMS,Unknown Product,Capita,Capita,,,,,False,,,
Stonar School,Education,300,100-400,In House,Sage,Sage,,,,,,False,,,
Tonbridge School,Education,266,100-400,,,,,,,,,False,,,
Ibstock Community College,Education,150,100-400,,,,,,,,,False,,,
Wrekin College,Education,275,100-400,,Unknown Product,West Country Business Systems,,,,,,False,,,
Merchant Taylors Schools Crosby,Education,401,400-1000,,,,,,,,,False,,,
Port Regis,Education,270,100-400,PASS,PASS,WCBS,WCBS,,,,,False,,,
London College of Beauty Therapy,Education,100,100-400,,,,,,,,,False,,,
Royal College of Physicians,Education,1344,1000+,Unknown Product,Unknown Product,Cascade,Cascade,,,,,False,,,
Childcare Corporation,Education,700,400-1000,Unknown Product,SnowdropKCS,Sage,Kronos,,,,,False,,,
Coatbridge College,Education,200,100-400,,,,,,,,,False,,,
Aquinas College,Education,330,100-400,,,,,,,,,False,,,
Bilborough College,Education,227,100-400,,Unknown Product,Other LA,,2013-01-08,,2013-01-08,,True,,,
Birkenhead Sixth Form College,Education,200,100-400,,,,,,,,,False,,,
St Dominic's Sixth Form College,Education,130,100-400,,,,,,,,,False,,,
St Johns Rigby College,Education,140,100-400,,,,,,,,,False,,,
Esher Sixth Form College,Education,200,100-400,,,,,,,,,False,,,
Itchen Sixth Form College,Education,100,100-400,,,,Cintra,,,,,False,,,
Gateway Sixth Form College,Education,170,100-400,,,,,,,,,False,,,
Richmond And Hillcroft Adult Community College,Education,350,100-400,,,IRIS,Civica,,,,,False,,,
Huddersfield New College,Education,250,100-400,,,,,,,,,False,,,
Notre Dame Catholic Sixth Form College,Education,200,100-400,Chris21,,,Frontier,,,,,False,,,
Truro & Penwith College,Education,1000,1000+,,,,,,,,,False,,,
Portsmouth College,Education,175,100-400,,,,,,,,,False,,,
Queen Mary's College,Education,380,100-400,Unknown Product,Unknown Product,Cintra,Cintra,,,,,False,,,
Richard Huish College,Education,184,100-400,Unknown Product,Unknown Product,Cintra,Capita,,,,,False,,,
Ruskin College,Education,100,100-400,Access,Access,Access Group,Access,,,,,False,,,
Scarborough Sixth Form College,Education,100,100-400,,,,,,,,,False,,,
Sir George Monoux College,Education,170,100-400,Unknown Product,,,Cascade,,,,,False,,,
Fashion Retail Academy,Education,1004,1000+,,,,,,,,,False,,,
Bedales School,Education,461,400-1000,,,Access Group,Access,,,,,False,,,
Athlone Institute of Technology,Education,1000,1000+,Unknown Product,Unknown Product,Core International,Core International,,,,,False,,,
Cork Education And Training Board,Education,1148,1000+,Unknown Product,Unknown Product,Core International,Core International,,,,,False,,,
County Mouth and County Louth ETB,Education,401,400-1000,,,,,,,,,False,,,
Dublin and Dun Laoghaire ETB,Education,3000,1000+,Unknown Product,Unknown Product,Core International,Core International,,,,,False,,,
Donegal ETB,Education,1400,1000+,Unknown Product,Unknown Product,Core International,Core International,,,,,False,,,
Dundalk Institute of Technology,Education,500,400-1000,Access - Core HR,Access,Access Group,Access,,,,,False,,,
Galway & Roscommon Education & Training Board,Education,500,400-1000,Unknown Product,Unknown Product,Core International,Core International,,,,,False,,,
Galway-Mayo Institute of Technology,Education,1100,1000+,,,,,,,,,False,,,
Kildare and Wicklow ETB,Education,800,400-1000,Unknown Product,Unknown Product,Core International,Core International,,,,,False,,,
Mary Ward Centre,Education,200,100-400,,,,,,,,,False,,,
Varndean College,Education,224,100-400,Unknown Product,Unknown Product,Cintra,Cintra,,,,,False,,,
Hampton School,Education,383,100-400,,SnowdropKCS,Sage,Cezanne,,,,,False,,,
Clayesmore School,Education,300,100-400,PASS,PASS,WCBS,WCBS,,,,,False,,,
National Film & Television School,Education,362,100-400,,,Access Group,Access,2024-05-07,,2024-05-03,,True,,,
Bishop's Stortford College,Education,330,100-400,,,CIPHR,CIPHR,,,,,False,,,
The Dulwich Estate,Education,300,100-400,,,,,,,,,False,,,
Ede & Ravenscroft,Education,581,400-1000,,,,,,,,,False,,,
Ashcroft Technology Academy,Education,208,100-400,Sage,Sage,Sage,Sage,,,,,False,,,
Francis Combe Academy,Education,300,100-400,Snowdrop,Source,Ceridian,Sage,,,,,False,,,
The Northumberland Church of England Academy Trust,Education,540,400-1000,,,Access Group,Access,2029-02-08,,,2029-02-08,False,2028-02-08,,
Outwood Grange Academies Trust,Education,1862,1000+,,,Oracle,Oracle,2027-04-14,,2027-04-14,2027-04-14,False,2025-04-14,,
The Ridings- Winterbourne,Education,440,400-1000,,,,,,,,,False,,,
Cabot Learning Federation,Education,3200,1000+,,,,Access,,,,,False,,,
Lutterworth College,Education,350,100-400,In House,SnowdropKCS,Sage,,,,,,False,,,
Solihull School,Education,401,400-1000,,,,,,,,,False,,,
Oldham Sixth Form College,Education,250,100-400,,,Cintra,Cintra,,,,,False,,,
Griffin Schools Trust,Education,500,400-1000,,,,,,,,,False,,,
Kent Students Union,Education,240,100-400,,,,,,,,,False,,,
Longley Park Sixth Form College,Education,200,100-400,,,,,,,,,False,,,
Mary Hare,Education,293,100-400,,,Pegasus,People HR,,,,,False,,,
Ralph Sadleir School,Education,100,100-400,,,,,,,,,False,,,
St Edmund's College,Education,100,100-400,ISAMS,ISAMS,,,,,,,False,,,
Ditcham Park School,Education,100,100-400,,,,,,,,,False,,,
Michael Hall School Limited,Education,100,100-400,,,,,,,,,False,,,
Stonyhurst College,Education,300,100-400,,,,,,,,,False,,,
Heath Mount School,Education,100,100-400,,,,,,,,,False,,,
The Ecclesbourne School,Education,100,100-400,,,,,,,,,False,,,
Beechwood Park School,Education,152,100-400,,,,,,,,,False,,,
St Albans School,Education,100,100-400,,,,,,,,,False,,,
The Pilgrims School,Education,212,100-400,,,,,,,,,False,,,
Danes Hill School,Education,250,100-400,,,,,,,,,False,,,
Little Acorns School,Education,100,100-400,,,,,,,,,False,,,
Newstead Wood School,Education,100,100-400,,,,,,,,,False,,,
Churchwood Primary Academy,Education,100,100-400,,,,,,,,,False,,,
Edge Grove School,Education,100,100-400,,,,,,,,,False,,,
Feltonfleet Preparatory School,Education,110,100-400,,,IRIS,,,,,,False,,,
Marlwood School,Education,100,100-400,,,,,,,,,False,,,
ON TRACK EDUCATION SERVICES LIMITED,Education,240,100-400,,,,,,,,,False,,,
Seaford College,Education,100,100-400,,,,,,,,,False,,,
Reeds School,Education,100,100-400,,,,,,,,,False,,,
The Cornovii Trust,Education,500,400-1000,,,,,,,,,False,,,
Branston Community Academy,Education,100,100-400,,,,,,,,,False,,,
Wrotham School,Education,100,100-400,,,,,,,,,False,,,
The Loddon School,Education,100,100-400,,,,,,,,,False,,,
Sherfield School,Education,100,100-400,,,,,,,,,False,,,
Sunfield Children's Home,Education,300,100-400,,,,,,,,,False,,,
Woking High School,Education,100,100-400,,,,,,,,,False,,,
Longacre School,Education,100,100-400,,,,,,,,,False,,,
Rickmansworth School,Education,100,100-400,,,,,,,,,False,,,
Hodgson Academy,Education,100,100-400,,,,,,,,,False,,,
Newcastle School for Boys,Education,100,100-400,,,,,,,,,False,,,
Withington Girls' School,Education,100,100-400,,,,,,,,,False,,,
St Edward's College,Education,100,100-400,,,,,,,,,False,,,
Meadowhead School Academy Trust,Education,126,100-400,,,,,,,,,False,,,
Droylsden Academy,Education,120,100-400,,,,,,,,,False,,,
Audenshaw School Academy Trust,Education,125,100-400,,,,,,,,,False,,,
Plantsbrook School,Education,100,100-400,,,,,,,,,False,,,
Aston Manor Academy,Education,170,100-400,,,,,,,,,False,,,
Colston's School,Education,150,100-400,,,,,,,,,False,,,
The Chorister School,Education,100,100-400,,,,,,,,,False,,,
Park View School,Education,100,100-400,,,,,,,,,False,,,
Lady Barn House School,Education,100,100-400,,,,,,,,,False,,,
King Edward VI Camp Hill School for Girls,Education,100,100-400,,,,,,,,,False,,,
Brabyns Preparatory School,Education,100,100-400,,,,,,,,,False,,,
Mander Portman Woodward Independent College,Education,100,100-400,,,,,,,,,False,,,
Hallfield School,Education,120,100-400,,,,,,,,,False,,,
Hulme Grammar School,Education,100,100-400,,,,,,,,,False,,,
Holyhead School,Education,172,100-400,Access,Access,Access Group,Access,,,,,False,,,
St. Francis Xavier Catholic Primary School,Education,100,100-400,,,,,,,,,False,,,
Broadway Academy,Education,100,100-400,,,,,,,,,False,,,
Hilbre High School,Education,100,100-400,,,,,,,,,False,,,
James Brindley Academy,Education,200,100-400,,,,,,,,,False,,,
Woodchurch High School,Education,100,100-400,,,,,,,,,False,,,
Alderbrook School & Sixth Form,Education,200,100-400,,,,,,,,,False,,,
Liverpool College,Education,100,100-400,,,,,,,,,False,,,
Light Hall School,Education,143,100-400,,,,,,,,,False,,,
Bury Grammar Schools,Education,250,100-400,,,,,,,,,False,,,
Marston Green Infant Academy,Education,100,100-400,,,,,,,,,False,,,
L.E.A.D. Academy Trust,Education,1200,1000+,,,,,,,,,False,,,
Queen Anne's School,Education,350,100-400,,,,,,,,,False,,,
Shiplake College,Education,150,100-400,,,,,,,,,False,,,
Djanogly City Academy,Education,100,100-400,,,,,,,,,False,,,
Reading Blue Coat School,Education,240,100-400,,,,,,,,,False,,,
Denefield School,Education,100,100-400,,,,,,,,,False,,,
Redmaids High School GDST,Education,209,100-400,,,,,,,,,False,,,
Badminton School,Education,250,100-400,,,,,,,,,False,,,
Christ Church C of E Primary School,Education,100,100-400,,,,,,,,,False,,,
Holme Grange School,Education,100,100-400,,,,,,,,,False,,,
Pangbourne College,Education,100,100-400,,,,,,,,,False,,,
The Abbey School Reading,Education,175,100-400,,,,,,,,,False,,,
Notting Hill Preparatory School,Education,100,100-400,,,,,,,,,False,,,
St Paul's Steiner School,Education,100,100-400,,,,,,,,,False,,,
Holland Park School,Education,100,100-400,,,,,,,,,False,,,
David Game College,Education,159,100-400,,,,,,,,,False,,,
Glendower Preparatory School,Education,100,100-400,,,,,,,,,False,,,
Abercorn School,Education,100,100-400,,,,,,,,,False,,,
Derwentside College,Education,180,100-400,,,,,,,,,False,,,
ARK Globe Academy,Education,100,100-400,,,,,,,,,False,,,
Sarum Hall School,Education,100,100-400,,,,,,,,,False,,,
Devonshire House School,Education,100,100-400,,,,,,,,,False,,,
Brampton Manor Academy,Education,450,400-1000,,,NeoPeople,,,,2028-06-15,2028-06-15,False,2027-06-15,,
Scarborough TEC Business Development,Education,350,100-400,,,,,,,,,False,,,
King's College Taunton,Education,300,100-400,,,WCBS,WCBS,,,,,False,,,
Crompton House CofE School & Sixthform,Education,150,100-400,,,,,,,,,False,,,
Southend High School for Boys,Education,160,100-400,,,Jane Systems,Jane Systems,,,,,False,,,
St George's Academy,Education,320,100-400,,,,,,,,,False,,,
IMap Centre Ltd,Education,100,100-400,,,,,,,,,False,,,
Landau Forte Charitable Trust,Education,650,400-1000,,,,,,,,,False,,,
The Freeston Academy,Education,100,100-400,,,,,,,,,False,,,
Royal Grammar School Guildford,Education,375,100-400,,,CIPHR,,,,,,False,,,
The Queen's School,Education,100,100-400,,,,,,,,,False,,,
Saffron Academy Trust,Education,700,400-1000,,,,,,,,,False,,,
Holy Family Catholic Multi Academy Trust,Education,500,400-1000,,,,,,,,,False,,,
Woodville Primary School,Education,100,100-400,,,,,,,,,False,,,
Mounts Bay Academy,Education,100,100-400,,,,,,,,,False,,,
Queen Ethelburga's College,Education,100,100-400,,,,,,,,,False,,,
Campion School Bugbrooke,Education,155,100-400,,,,,,,,,False,,,
Lostock Hall Academy Trust,Education,100,100-400,,,,,,,,,False,,,
"The King's School, Gloucester",Education,100,100-400,,,,,,,,,False,,,
Goddard Park,Education,100,100-400,,,,,,,,,False,,,
"King Edward VI Grammar School, Chelmsford",Education,100,100-400,,,,,,,,,False,,,
Great Baddow High School,Education,100,100-400,,,,,,,,,False,,,
Woldingham School,Education,100,100-400,,,,,,,,,False,,,
Ventrus Multi Academy Trust,Education,100,100-400,,,,,,,,,False,,,
Holy Family Catholic Primary School,Education,100,100-400,,,,,,,,,False,,,
The Maynard School,Education,117,100-400,,,IRIS,,,,,,False,,,
St Mary's School Cambridge,Education,200,100-400,,,,,,,,,False,,,
Sponne School,Education,100,100-400,,,,,,,,,False,,,
Box Hill School,Education,100,100-400,,,,,,,,,False,,,
Milton Keynes Preparatory School,Education,100,100-400,,,,,,,,,False,,,
Hillview School for Girls,Education,144,100-400,,,,,,,,,False,,,
Monk's Walk School,Education,100,100-400,,,,,,,,,False,,,
Aylesbury High School,Education,100,100-400,,,,,,,,,False,,,
Manningtree High School,Education,100,100-400,,,,,,,,,False,,,
Alcester Grammar School,Education,100,100-400,,,,,,,,,False,,,
Brighouse High School,Education,200,100-400,,,,,,,,,False,,,
The Perse School,Education,392,100-400,,,,CIPHR,,,,,False,,,
Norton Hill School,Education,100,100-400,,,,,,,,,False,,,
Rawlins Academy,Education,239,100-400,,,,,,,,,False,,,
Bournemouth Collegiate School,Education,240,100-400,,,Civica,Civica,,,,,False,,,
Wolverhampton Grammar School,Education,100,100-400,,,,,,,,,False,,,
Iwade School,Education,100,100-400,,,,,,,,,False,,,
Trinity Church Of England High School And Sixth Form Centre,Education,100,100-400,,,,,,,,,False,,,
St Thomas More High School,Education,100,100-400,,,,,,,,,False,,,
Wellington College,Education,100,100-400,,,,Cintra,,,,,False,,,
Saint Nicholas School,Education,100,100-400,,,IRIS,,,,,,False,,,
Tormead School Guildford,Education,215,100-400,,,,,,,,,False,,,
Academy @ Worden,Education,100,100-400,,,,,,,,,False,,,
Collingwood College,Education,230,100-400,,,,,,,,,False,,,
Summer Fields Oxford,Education,160,100-400,,,,,,,,,False,,,
Backwell School,Education,100,100-400,,,,,,,,,False,,,
St Mary Magdalene C Of E Primary School,Education,130,100-400,,,,,,,,,False,,,
Sir John Lawes School,Education,100,100-400,,,,,,,,,False,,,
Northease Manor School,Education,100,100-400,,,,,,,,,False,,,
Wisbech Grammar School,Education,128,100-400,,,,,,,,,False,,,
Sheiling School Thornbury,Education,100,100-400,,,,,,,,,False,,,
St Christopher School Letchworth,Education,100,100-400,,,,,,,,,False,,,
Great Walstead School,Education,200,100-400,,,,,,,,,False,,,
Bath Academy,Education,100,100-400,,,,,,,,,False,,,
Aylesbury Grammar School,Education,149,100-400,,,,,,,,,False,,,
Myton School,Education,200,100-400,,,,,,,,,False,,,
Exeter School,Education,175,100-400,,,,,,,,,False,,,
St Peter's Catholic High School and Sixth Form Centre,Education,100,100-400,,,,,,,,,False,,,
Wycombe High School,Education,100,100-400,,,,,,,,,False,,,
The Bishop of Winchester Academy,Education,100,100-400,,,,,,,,,False,,,
Brackenfield School,Education,100,100-400,,,,,,,,,False,,,
St Michael's Prep School,Education,100,100-400,,,,,,,,,False,,,
Langley School,Education,124,100-400,,,,,,,,,False,,,
The Roseland Multi Academy Trust,Education,357,100-400,,,,,,,,,False,,,
St Helen And St Katharine,Education,210,100-400,,,,,,,,,False,,,
Central Schools Trust,Education,131,100-400,,,,,,,,,False,,,
Holmes Chapel Comprehensive School,Education,198,100-400,,,Oracle,Oracle,,,,,False,,,
Worksop College,Education,198,100-400,,,,,,,,,False,,,
The McAuley Catholic High School Doncaster,Education,160,100-400,,,,,,,,,False,,,
Young Foundations,Education,100,100-400,,,,,,,,,False,,,
St Gregory's Catholic School,Education,100,100-400,,,,,,,,,False,,,
St Augustine's CE High School,Education,100,100-400,,,,,,,,,False,,,
Great Corby Primary School,Education,100,100-400,,,,,,,,,False,,,
Doucecroft School,Education,100,100-400,,,,,,,,,False,,,
Sir William Perkins's School,Education,125,100-400,,,,,,,,,False,,,
St Bartholomew's School,Education,100,100-400,,,,,,,,,False,,,
Notre Dame School Cobham,Education,200,100-400,,,,,,,,,False,,,
Denstone College,Education,150,100-400,,,,EveryHR,2028-11-30,,,2028-11-30,False,2028-05-30,,
"The King's School, Grantham",Education,100,100-400,,,,,,,,,False,,,
Castleford Academy,Education,100,100-400,,,,,,,,,False,,,
Ashbridge Independent School And Nurseries,Education,100,100-400,,,,,,,,,False,,,
Tytherington School,Education,116,100-400,,,,,,,,,False,,,
Ackworth School,Education,100,100-400,,,IRIS,,,,,,False,,,
Sedbergh School,Education,400,400-1000,,,,,,,,,False,,,
John Masefield High School,Education,100,100-400,,,,,,,,,False,,,
Ashford School,Education,100,100-400,,,,,,,,,False,,,
Hollingworth Academy,Education,100,100-400,,,,,,,,,False,,,
Huxlow Science College,Education,200,100-400,,,,,,,,,False,,,
Minsthorpe Community College,Education,300,100-400,,,,,,,,,False,,,
The Maplesden Noakes School,Education,170,100-400,,,,,,,,,False,,,
Burnham Grammar School,Education,100,100-400,,,,,,,,,False,,,
Lochinver House School,Education,150,100-400,,,,,,,,,False,,,
Alfriston School,Education,100,100-400,,,,,,,,,False,,,
Hill House School,Education,120,100-400,,Sage,Sage,,,,,,False,,,
Roedean School,Education,370,100-400,,,WCBS,WCBS,,,,,False,,,
Walhampton School,Education,140,100-400,,,,,,,,,False,,,
Cleeve School,Education,170,100-400,,,,,,,,,False,,,
HIGHFIELDS SCHOOL,Education,129,100-400,,,,,,,,,False,,,
St Francis College,Education,100,100-400,,,,,,,,,False,,,
King Edward's Witley,Education,250,100-400,,,,,,,,,False,,,
Northern Star Academies Trust,Education,550,400-1000,,,IRIS,EveryHR,,,,,False,,,
Worth School,Education,310,100-400,,,,,,,,,False,,,
Gresham's School,Education,450,400-1000,,,Cintra,,,,2028-07-28,2028-07-28,False,2027-07-28,,
Parkside Community College,Education,100,100-400,,,,,,,,,False,,,
Sawston Village College,Education,100,100-400,,,,,,,,,False,,,
The Elizabethan Academy Trust,Education,150,100-400,,,,,,,,,False,,,
St Gregory the Great Catholic Academy Trust,Education,420,400-1000,,,,,,,,,False,,,
Pontefract Carleton Park Junior and Infant School,Education,100,100-400,,,,,,,,,False,,,
RGS Worcester,Education,350,100-400,,,,EveryHR,,,,,False,,,
Queen Margaret's School,Education,100,100-400,,,,,,,,,False,,,
Norwich School,Education,330,100-400,,,,,,,,,False,,,
Concord College,Education,120,100-400,,,,,,,,,False,,,
Moon Hall School Reigate,Education,100,100-400,,,,,,,,,False,,,
Guilsborough School,Education,100,100-400,,,,,,,,,False,,,
Solefield School,Education,100,100-400,,,,,,,,,False,,,
Walthamstow Hall,Education,100,100-400,,,,,,,,,False,,,
The Hawthorns School,Education,100,100-400,,,,,,,,,False,,,
Blenheim High School,Education,100,100-400,,,,,,,,,False,,,
Ark Alexandra Academy,Education,100,100-400,,,,,,,,,False,,,
Saint Ronan's School,Education,100,100-400,,,,,,,,,False,,,
Hoe Bridge School,Education,100,100-400,,,,,,,,,False,,,
West Buckland School,Education,165,100-400,,Staffology,IRIS,BrightHR,,,,,False,,,
THE CANTERBURY ACADEMY,Education,350,100-400,,,,,,,,,False,,,
Eggbuckland Community College,Education,100,100-400,,,,,,,,,False,,,
Aldwickbury School,Education,120,100-400,,,,,,,,,False,,,
Talbot Heath School,Education,125,100-400,,,,,,,,,False,,,
Dixons Allerton Academy,Education,300,100-400,,,,,,,,,False,,,
Battle Abbey School,Education,136,100-400,,,,,,,,,False,,,
The John of Gaunt School,Education,120,100-400,,,,,,,,,False,,,
Furze Platt Senior School,Education,200,100-400,,,,,,,,,False,,,
Conyers School,Education,150,100-400,,,,,,,,,False,,,
Frensham Heights School,Education,150,100-400,,,CIPHR,CIPHR,,,,,False,,,
More House School,Education,100,100-400,,,,,,,,,False,,,
Prior's Field School,Education,100,100-400,,,,,,,,,False,,,
Mount Kelly,Education,100,100-400,,,,,,,,,False,,,
Thurstable School,Education,200,100-400,,,,,,,,,False,,,
Sir William Ramsay School,Education,100,100-400,,,,,,,,,False,,,
Dover Christ Church Academy,Education,100,100-400,,,,,,,,,False,,,
Quintin Kynaston Academy,Education,100,100-400,,,,,,,,,False,,,
Knightsbridge School,Education,100,100-400,,,,,,,,,False,,,
The Gower School,Education,100,100-400,,,,,,,,,False,,,
City of London School for Girls,Education,100,100-400,,,,,,,,,False,,,
Finham Park Multi Academy Trust,Education,800,400-1000,,,,IRIS,2027-01-01,,,2027-01-01,False,2026-01-01,,
St Marylebone School,Education,100,100-400,,,,,,,,,False,,,
International Community School,Education,257,100-400,,,,,,,,,False,,,
Thornden School,Education,138,100-400,,,,,,,,,False,,,
Radnor House Sevenoaks,Education,100,100-400,,,,,,,,,False,,,
Hendon School,Education,100,100-400,,,,Access,,,,,False,,,
Hasmonean High School,Education,224,100-400,,,,,,,,,False,,,
Hendon Preparatory School,Education,100,100-400,,,,,,,,,False,,,
Nancy Reuben Primary School,Education,100,100-400,,,,,,,,,False,,,
Claremont High School,Education,100,100-400,,,,,,,,,False,,,
Chadwell Heath Academy,Education,100,100-400,,,,,,,,,False,,,
Babington House School,Education,100,100-400,,,,,,,,,False,,,
Days Lane Primary School,Education,100,100-400,,,,,,,,,False,,,
Grey Court School,Education,100,100-400,,,,,,,,,False,,,
Highgate School,Education,600,400-1000,,,,,,,,,False,,,
Channing School,Education,100,100-400,,,,,,,,,False,,,
Bickley Park School,Education,100,100-400,,,,,,,,,False,,,
Woodside High School,Education,150,100-400,,,,,,,,,False,,,
Rutherford School,Education,100,100-400,,,,,,,,,False,,,
Hatch End High School,Education,150,100-400,,,,,,,,,False,,,
The King Alfred School,Education,200,100-400,,,,,,,,,False,,,
Queens Park Community School,Education,100,100-400,,,,,,,,,False,,,
Colfes School,Education,400,400-1000,,,IRIS,,,,,,False,,,
Chigwell School,Education,100,100-400,,,,,,,,,False,,,
Davenant Foundation School,Education,200,100-400,,,,,,,,,False,,,
The John Lyon School,Education,100,100-400,,,,,,,,,False,,,
St Dunstan's College,Education,276,100-400,,,,,,,,,False,,,
Bancroft's School,Education,401,400-1000,,,,,,,,,False,,,
Carshalton Boys Sports College,Education,100,100-400,,,,,,,,,False,,,
Orleans Park School,Education,100,100-400,,,,,,,,,False,,,
Chiswick School,Education,100,100-400,,,,,,,,,False,,,
Cranford Community College,Education,100,100-400,,,,,,,,,False,,,
Dulwich Prep & Senior,Education,121,100-400,,,,,,,,,False,,,
Ewell Castle School,Education,140,100-400,,,,,,,,,False,,,
The Skinners? Academies Trust,Education,800,400-1000,,,,,,,,,False,,,
St Augustine's Priory,Education,100,100-400,,,,,,,,,False,,,
Shooters Hill Post-16 Campus,Education,100,100-400,Access,Unknown Product,Access Group,Access,,,,,False,,,
Eltham College,Education,100,100-400,,,,,,,,,False,,,
Blackheath Preparatory School,Education,100,100-400,,,,,,,,,False,,,
St Benedict's School,Education,376,100-400,,,,,,,,,False,,,
Emanuel School,Education,250,100-400,,,,Moorepay HR,,,,,False,,,
Alexandra Park School,Education,100,100-400,,,,,,,,,False,,,
Alperton Community School,Education,120,100-400,,,,,,,,,False,,,
LADY ELEANOR HOLLES SCHOOL,Education,208,100-400,,,Cezanne HR,Cezanne,,,,,False,,,
Blossom House School,Education,100,100-400,,,,,,,,,False,,,
Bushey Meads School,Education,100,100-400,,,,,,,,,False,,,
Immanuel College Bushey,Education,100,100-400,,,,,,,,,False,,,
Arts Educational Schools London,Education,300,100-400,,,,,,,,,False,,,
Forge Valley School,Education,100,100-400,,,,,,,,,False,,,
"The City Academy, Hackney",Education,100,100-400,,,,,,,,,False,,,
Miltoncross Academy,Education,249,100-400,,,,,,,,,False,,,
St David's School,Education,100,100-400,,,,,,,,,False,,,
Arnold House School,Education,100,100-400,,,,,,,,,False,,,
Excelsior College,Education,100,100-400,,,,,,,,,False,,,
Educare Small School,Education,100,100-400,,,,,,,,,False,,,
King Solomon Academy,Education,100,100-400,,,,,,,,,False,,,
Chelsea Academy,Education,150,100-400,,,,,,,,,False,,,
Pimlico Academy,Education,100,100-400,,,,,,,,,False,,,
The UCL Academy,Education,100,100-400,,,,,,,,,False,,,
Sudbury Primary School,Education,100,100-400,,,,,,,,,False,,,
Octavia House Schools,Education,100,100-400,,,,,,,,,False,,,
ARK Elvin Academy,Education,100,100-400,,,,,,,,,False,,,
The White Rose Academies Trust,Education,250,100-400,,,,,,,,,False,,,
LPW Independent School,Education,100,100-400,,,,,,,,,False,,,
Queen Elizabeth's School,Education,250,100-400,,,,,,,,,False,,,
"All Saints' Academy, Cheltenham",Education,100,100-400,,,,,,,,,False,,,
Farleigh School,Education,100,100-400,,,,,,,,,False,,,
iExel Education Trust,Education,320,100-400,,,,,,,,,False,,,
Beckfoot Trust,Education,1100,1000+,,,,,,,,,False,,,
Earlscliffe (Sussex Summer Schools Ltd),Education,100,100-400,,,,,,,,,False,,,
Sallygate School,Education,100,100-400,,,,,,,,,False,,,
Rosebery School,Education,100,100-400,,,,,,,,,False,,,
Bradley Stoke Community School,Education,100,100-400,,,,,,,,,False,,,
Bright Futures School,Education,100,100-400,,,,,,,,,False,,,
Sandfield Primary School,Education,100,100-400,,,,,,,,,False,,,
Grange Primary School,Education,100,100-400,,,,,,,,,False,,,
Learning Academies Trust,Education,540,400-1000,,,,,,,,,False,,,
The Taunton Academy,Education,100,100-400,,,,,,,,,False,,,
Oakgrove School,Education,100,100-400,,,,,,,,,False,,,
R.E.A.L. Education,Education,100,100-400,,,,,,,,,False,,,
Bridge House,Education,100,100-400,,,,,,,,,False,,,
Bootham School,Education,250,100-400,PASS,PASS,WCBS,WCBS,,,,,False,,,
Glasgow Academy,Education,300,100-400,PASS,PASS,WCBS,WCBS,,,,,False,,,
City Of London Academy Southwark,Education,250,100-400,,,,,,,,,False,,,
The BRIT School for Performing Arts & Technology,Education,250,100-400,,Moorepay,Northgate,,,,,,False,,,
St Gabriel's School Newbury,Education,100,100-400,,,,,,,,,False,,,
Westfield Academy,Education,100,100-400,,,,,,,,,False,,,
Leweston School,Education,195,100-400,,,,,,,,,False,,,
Bethany School,Education,100,100-400,,,,,,,,,False,,,
Ousedale School,Education,100,100-400,,,,,,,,,False,,,
Exmouth Community College,Education,100,100-400,,,,,,,,,False,,,
Churcher's College,Education,100,100-400,,,,,,,,,False,,,
Queen Elizabeth Grammar School,Education,100,100-400,,,,,,,,,False,,,
Longdean School,Education,100,100-400,,,,,,,,,False,,,
Ashfold School,Education,100,100-400,,,Sage,Sage,,,,,False,,,
John Taylor MAT,Education,950,400-1000,,,,,,,,,False,,,
The de Ferrers Academy,Education,200,100-400,,,,,,,,,False,,,
The Bolsover School,Education,100,100-400,,,,,,,,,False,,,
Dover College,Education,100,100-400,,,,,,,,,False,,,
Blundell's School,Education,360,100-400,,,,,,,,,False,,,
Huish Episcopi Academy,Education,100,100-400,,,,,,,,,False,,,
Tudor Hall School,Education,250,100-400,,,Moorepay,,,,,,False,,,
Bradford Academy,Education,100,100-400,,,,,,,,,False,,,
The King's School Macclesfield,Education,350,100-400,,,IRIS,IRIS,,,,,False,,,
Rainham Mark Education Trust,Education,283,100-400,,,,,,,,,False,,,
Cheltenham College,Education,625,400-1000,,,Cascade,Cascade,,,,,False,,,
Akeley Wood School,Education,100,100-400,,,,,,,,,False,,,
Cheam School,Education,100,100-400,,,,,,,,,False,,,
Abbot's Hill School,Education,249,100-400,,,,,,,,,False,,,
City of London Freemen's School,Education,100,100-400,,,,,,,,,False,,,
Copleston High School,Education,165,100-400,,,,,,,,,False,,,
Aidenswood,Education,100,100-400,,,,,,,,,False,,,
Shebbear College,Education,100,100-400,,,,,,,,,False,,,
Royal Academy Of Dance,Education,698,400-1000,,,,,,,,,False,,,
Institute of Public Administration,Education,5000,1000+,,Megapay,Intelligo,,,,,,False,,,
Atlantic Technological University,Education,1000,1000+,Unknown Product,Unknown Product,Core International,Core International,,,,,False,,,
St. Angela's College,Education,200,100-400,,,,,,,,,False,,,
Mary Immaculate College,Education,560,400-1000,,,,,,,,,False,,,
Mater Dei Institute,Education,1000,1000+,,,,,,,,,False,,,
All Hallows College,Education,200,100-400,,,,,,,,,False,,,
National College of Ireland,Education,560,400-1000,,,CoreHR,CoreHR,,,,,False,,,
Carlow College St Patrick's,Education,200,100-400,,,,,,,,,False,,,
Royal College Of Surgeons In Ireland,Education,2518,1000+,,,,,,,,,False,,,
University College Dublin,Education,4696,1000+,Unknown Product,Unknown Product,Core International,Core International,,,,,False,,,
Longford and Westmeath ETB,Education,499,400-1000,,Megapay,Intelligo,,,,,,False,,,
Sherborne Girls,Education,250,100-400,PASS,PASS,WCBS,WCBS,,,,,False,,,
Paignton Community & Sports Academy,Education,250,100-400,Unknown Product,Unknown Product,Other LA,Other LA,,,,,False,,,
St Catherine's School Twickenham,Education,250,100-400,SIMS,,,Capita,,,,,False,,,
Stowe School,Education,700,400-1000,HR Pro,In House,,Advanced Business Solutions,,,,,False,,,
The Edinburgh Academy,Education,300,100-400,Unknown Product,Unknown Product,Ceridian,Ceridian,,,,,False,,,
Wells Cathedral School,Education,426,400-1000,PASS,PASS,WCBS,WCBS,,,,,False,,,
Imperial College London,Education,9000,1000+,Unknown Product,Unknown Product,Oracle,Oracle,2011-01-01,,2011-01-01,,True,,,
AVADO Learning,Education,268,100-400,,,,,,,,,False,,,
Hereford College of Arts,Education,100,100-400,,,,,,,,,False,,,
Lymm High School,Education,200,100-400,,,,,,,,,False,,,
West Lancashire College,Education,263,100-400,,,,,,,,,False,,,
Saïd Business School University Of Oxford,Education,997,400-1000,HR.Net,,,ADP Vizual,,,,,False,,,
"St Hugh's College, Oxford",Education,200,100-400,,,,,,,,,False,,,
Convent of Jesus and Mary Language College,Education,100,100-400,,,,,,,,,False,,,
The Manchester Grammar School,Education,247,100-400,,,,,,,,,False,,,
St Marys School Ascot,Education,100,100-400,,,,,,,,,False,,,
The Bishop Fraser Trust,Education,630,400-1000,,,,,,,,,False,,,
Sarah Sugden - Consultant,Education,2000,1000+,,,,,,,,,False,,,
Heart Of Mercia Multi-Academy Trust,Education,900,400-1000,,,,,,,,,False,,,
Hugh Baird College,Education,511,400-1000,HR Cintra,,Cintra,Cintra,,,2026-03-02,,True,,,
Safari Kid International,Education,200,100-400,,,,,,,,,False,,,
Kirklees College,Education,700,400-1000,,,Civica,Civica,,,,,False,,,
Royal College Of Paediatrics And Child Health,Education,420,400-1000,,,XCD,Cascade,,,,,False,,,
Trinity College Dublin,Education,3083,1000+,Unknown Product,Unknown Product,Core International,Core International,,,,,False,,,
SAAF Education Ltd,Education,2500,1000+,,,,Cintra,,,,,False,,,
Transform Trust,Education,800,400-1000,,,SAMpeople,SAMpeople,,,,,False,,,
The Two Counties Trust,Education,1600,1000+,Access,Access,Access Group,Access,,,,,False,,,
Alpha Schools,Education,1150,1000+,,Sage50,Sage,,,,,,False,,,
King James's School Knaresborough,Education,100,100-400,,,,,,,,,False,,,
Mercia Learning Trust,Education,650,400-1000,,,,SAMpeople,2028-06-30,,,2028-06-30,False,2027-06-30,,
Northern Arch Learning Partnership,Education,147,100-400,,,Access Group,Access,2025-12-15,,2025-12-15,,True,,,
Witherslack Group,Education,1550,1000+,,,,,,,,,False,,,
Thrive Approach,Education,119,100-400,,,,,,,,,False,,,
The Rowan Learning Trust,Education,840,400-1000,,,,,,,,,False,,,
Exceed Academies Trust,Education,1065,1000+,,,,,,,,,False,,,
An Daras Multi Academy Trust,Education,280,100-400,,,,,,,,,False,,,
Stoke Newington School and Sixth Form,Education,250,100-400,,,,,,,,,False,,,
Magdalen College School Oxford,Education,290,100-400,,,,,,,,,False,,,
Morden College,Education,150,100-400,,,,,,,,,False,,,
COBHAM FREE SCHOOL TRUST,Education,100,100-400,,,,,,,,,False,,,
Royal Welsh College of Music & Drama,Education,150,100-400,,,,,,,,,False,,,
Heriot-Watt University,Education,1804,1000+,,,Oracle,Oracle,,,2030-06-12,2030-06-12,False,2028-06-12,,
King's College London,Education,12000,1000+,,,CoreHR,CoreHR,,,,,False,,,
Education Partnership Trust,Education,620,400-1000,,,,,,,,,False,,,
Syracuse University London,Education,120,100-400,,,,,,,,,False,,,
Future Academies,Education,725,400-1000,,,,,2026-04-01,,2026-04-01,,True,,,
Hertford College,Education,200,100-400,,,Access Group,,,,,,False,,,
Downe House School,Education,500,400-1000,Access,Access,Access Group,Access,,,,,False,,,
University Of Wales Trinity Saint David,Education,2022,1000+,ResourceLink,ResourceLink,Zellis,Zellis,2017-09-11,,2017-09-11,,True,,,
Xaverian College,Education,161,100-400,,,,,,,,,False,,,
Bell Educational Services Ltd,Education,200,100-400,,,,,,,,,False,,,
The Phoenix Collegiate,Education,250,100-400,,,,,,,,,False,,,
King's School Rochester,Education,250,100-400,,,,,,,,,False,,,
Harton Academy,Education,200,100-400,,,,,,,,,False,,,
The STAR Multi Academy Trust,Education,250,100-400,,,,,,,,,False,,,
Cronton Sixth Form College,Education,450,400-1000,,,,Cintra,,,,,False,,,
College of Agriculture Food & Rural Enterprise,Education,300,100-400,,,,,,,,,False,,,
Oriel High School,Education,300,100-400,,,,,,,,,False,,,
The Angmering School,Education,200,100-400,,,,,,,,,False,,,
Robert Clack School Of Science,Education,300,100-400,,,,,,,,,False,,,
University of the Built Environment,Education,300,100-400,,,ADP,ADP,,,,,False,,,
Ormiston Sir Stanley Matthews Academy,Education,200,100-400,,,,,,,,,False,,,
Bournville College,Education,450,400-1000,,,,,,,,,False,,,
Chace Community School,Education,135,100-400,,,,,,,,,False,,,
Queen Ethelburga's Collegiate,Education,800,400-1000,,,,,,,,,False,,,
Eastern Multi-Academy Trust,Education,523,400-1000,,,,NeoPeople,2028-07-21,,,2028-07-21,False,2027-07-21,,
Berlesduna Academy Trust,Education,491,400-1000,,,,,,,,,False,,,
Red Kite Learning Trust,Education,1200,1000+,PeopleXD,,Access Group,Access,2026-12-30,,2026-12-30,2026-12-30,False,2024-12-30,,
Llandovery College,Education,110,100-400,,,,,,,,,False,,,
ACT Training Ltd,Education,366,100-400,,,,,,,,,False,,,
Acorn multi academy trust,Education,150,100-400,,,,,,,,,False,,,
Oxford Diocesan Bucks Schools Trust,Education,400,400-1000,,,,,,,,,False,,,
Woodland academy trust,Education,233,100-400,,,,,,,,,False,,,
Orbital Education,Education,491,400-1000,,,,,,,,,False,,,
South Essex Academy Trust,Education,290,100-400,,,,,,,,,False,,,
Leading Learners Multi Academy Trust,Education,360,100-400,,,,,,,,,False,,,
Pace Academy Trust,Education,275,100-400,,,,,,,,,False,,,
Office Of The Independent Adjudicator For Higher Education,Education,200,100-400,,,,,,,,,False,,,
The Education People,Education,100,100-400,,,,,,,,,False,,,
Wave Multi Academy Trust,Education,350,100-400,,,,Cascade,2029-06-29,,,2029-06-29,False,2028-12-29,,
High Speed Training Ltd,Education,228,100-400,,,,,,,,,False,,,
Ascentis AO,Education,200,100-400,,,,,,,,,False,,,
Rocksteady Music School,Education,500,400-1000,,,,IRIS,2028-01-01,,,2028-01-01,False,2027-01-01,,
Royal Society of Medicine,Education,246,100-400,,,,,,,,,False,,,
Cambridge Spark,Education,100,100-400,,,,,,,,,False,,,
Kensington College of Business,Education,300,100-400,,,,,,,,,False,,,
Mander Portman Woodward,Education,100,100-400,,,,,,,,,False,,,
South West Essex Community Education Trust,Education,560,400-1000,,,,,,,,,False,,,
Wine & Spirit Education Trust,Education,190,100-400,,,,,,,,,False,,,
Oxfordshire Academies,Education,2179,1000+,,,,,,,,,False,,,
Kingsford Community School,Education,100,100-400,,,,,,,,,False,,,
Little Harvard Creche & Montessori Ltd,Education,180,100-400,,,,,,,,,False,,,
Ad Astra Academy Trust,Education,500,400-1000,,,,,,,,,False,,,
Europa School UK,Education,140,100-400,,,,,,,,,False,,,
ICMP - The Institute of Contemporary Music Performance,Education,500,400-1000,,,,Access,,,,,False,,,
Flying High Partnership,Education,1500,1000+,,,,,,,,,False,,,
Northern Ambition Academies Trust,Education,389,100-400,,,,,,,,,False,,,
The Futures Trust,Education,750,400-1000,,,,,,,,,False,,,
M20 Learning Trust,Education,110,100-400,,,,,,,,,False,,,
St Catherine of Siena MAT,Education,100,100-400,,,,,,,,,False,,,
The Family of Learning Trust,Education,152,100-400,,,,,,,,,False,,,
N Family Club,Education,100,100-400,,,,HiBob,,,,,False,,,
The Aldenham Foundation,Education,300,100-400,,,,,,,,,False,,,
The Dunraven Educational Trust,Education,550,400-1000,,,IRIS,IRIS,,,,,False,,,
Windsor Academy Trust,Education,1200,1000+,,,,,,,,,False,,,
The Active Learning Trust,Education,1529,1000+,,,,,,,,,False,,,
Liverpool Guild of Students,Education,282,100-400,,,,,,,,,False,,,
Storal,Education,2000,1000+,,,,,,,,,False,,,
Inspire Trust,Education,100,100-400,,,,,,,,,False,,,
Emmanuel College Cambridge,Education,330,100-400,,,,,,,,,False,,,
Transforming Lives Educational Trust,Education,390,100-400,,,IRIS,IRIS,,,2027-09-24,2027-09-24,False,2027-03-24,,
High School of Dundee,Education,230,100-400,,Sage50,Sage,,,,,,False,,,
Fylde Coast Academy Trust,Education,750,400-1000,,,,,,,,,False,,,
LEARNERs Trust,Education,680,400-1000,,,,,,,,,False,,,
Oakington Manor Primary School,Education,155,100-400,,,,,,,,,False,,,
Cornwall Education Learning Trust,Education,900,400-1000,,,Oracle,,,,,,False,,,
Kids Planet Day Nurseries,Education,4000,1000+,,,,,,,,,False,,,
Brunel Academies Trust,Education,600,400-1000,,,,SAMpeople,,,,,False,,,
Royal College of Pathologists,Education,200,100-400,,,,Cascade,,,,,False,,,
Bradstow School,Education,300,100-400,,,,,,,,,False,,,
Royal College of Obstetricians and Gynaecologists | RCOG,Education,465,400-1000,,,,,,,,,False,,,
Education Authority,Education,8000,1000+,ResourceLink,ResourceLink,Zellis,Zellis,,,,,False,,,
Limerick Institute of Technology,Education,500,400-1000,,,,,,,,,False,,,
Moray College UHI,Education,236,100-400,ResourceLink,ResourceLink,Zellis,Zellis,,,,,False,,,
"National University of Ireland, Maynooth",Education,525,400-1000,Unknown Product,Unknown Product,Core International,Core International,,,,,False,,,
"Pembroke College, Oxford",Education,139,100-400,,,,,,,,,False,,,
Richard Taunton Sixth Form College,Education,124,100-400,,,,,,,,,False,,,
"Somerville College, Oxford",Education,401,400-1000,,,,,,,,,False,,,
St Mary's University College Belfast,Education,124,100-400,,,,,,,,,False,,,
Technological University Dublin,Education,3000,1000+,,,,,,,,,False,,,
The Henley College,Education,198,100-400,,,,Cintra,,,,,False,,,
"Trinity College, Oxford",Education,200,100-400,,,,,,,,,False,,,
Anthem Schools Trust,Education,1300,1000+,,,,,,,,,False,,,
Falmouth Exeter Plus,Education,365,100-400,,,,,,,,,False,,,
Dun Laoghaire Institute of Art Design & Technology,Education,200,100-400,,,,,,,,,False,,,
Tandridge Learning Trust,Education,410,400-1000,,,,NeoPeople,,,,,False,,,
Aquinas Church of England Education Trust,Education,670,400-1000,,,,SAMpeople,,,,,False,,,
Aldridge Education,Education,900,400-1000,,,People HR,People HR,,,,,False,,,
Minster Trust for Education (MITRE),Education,500,400-1000,,,,,,,,,False,,,
The Constellation Trust,Education,800,400-1000,,,,,,,,,False,,,
The Good Shepherd Trust,Education,775,400-1000,,,,IRIS,2026-02-11,,2026-02-11,,True,,,
"Lincoln College, University of Oxford",Education,122,100-400,,,,BrightHR,,,,,False,,,
North East Surrey College Of Technology,Education,500,400-1000,,,,CIPHR,,,,,False,,,
St Johns College Oxford,Education,450,400-1000,,,,Access,,,,,False,,,
The Woodard Corporation,Education,4600,1000+,,,,,,,,,False,,,
"Wadham College, Oxford",Education,130,100-400,,,,,,,,,False,,,
Wickersley Partnership Trust,Education,1000,1000+,,,Access Group,Access,,,,,False,,,
Educate Together Academy Trust,Education,120,100-400,,,,,,,,,False,,,
Quadram Institute Bioscience,Education,200,100-400,,,,,,,,,False,,,
Stanley Learning Partnership,Education,200,100-400,,,,,,,,,False,,,
Five Rivers Multi Academy Trust,Education,189,100-400,,,,,,,,,False,,,
National University of Ireland Galway,Education,2400,1000+,Unknown Product,Unknown Product,Core International,Core International,,,,,False,,,
Marish Academy Trust,Education,220,100-400,,,,,,,,,False,,,
Birmingham Diocesan Multi-Academy Trust,Education,650,400-1000,,,Edupay,SAMpeople,2028-07-07,,,2028-07-07,False,2027-07-07,,
Clare College,Education,150,100-400,,,,,,,,,False,,,
Cansfield High School,Education,122,100-400,,,Capita,Capita,2026-01-06,,,,True,,,
East Midlands Academy Trust,Education,600,400-1000,,,IRIS,IRIS,,,,,False,,,
Abbot's Lea School,Education,200,100-400,,,,,,,,,False,,,
Avanti Schools Trust,Education,740,400-1000,Access,Access,Access Group,Access,,,,,False,,,
Bedford Inclusive Learning and Training Trust,Education,280,100-400,,,Access Group,Access,2027-01-13,,2027-01-13,2027-01-13,False,2026-07-13,,
Broadbent Fold primary & nursery,Education,100,100-400,,,,,,,,,False,,,
Diocese of Southwell & Nottingham Multi Academy Trust,Education,850,400-1000,,,,,,,,,False,,,
Endeavour Schools Trust,Education,100,100-400,,,,,,,,,False,,,
Saint Gregory's Catholic College,Education,100,100-400,,,,,,,,,False,,,
St Joseph's Specialist Trust,Education,275,100-400,,,,,,,,,False,,,
The Limes College,Education,135,100-400,,,,,,,,,False,,,
Uplands Community College,Education,100,100-400,,,,,,,,,False,,,
Glebe Primary School,Education,100,100-400,,,,,,,,,False,,,
Stone Bay School,Education,120,100-400,,,Capita,,,,,,False,,,
St Osburgs School,Education,100,100-400,,,,,,,,,False,,,
Corpus Christi Catholic Academy Trust,Education,500,400-1000,,,,,,,2028-03-31,2028-03-31,False,2027-03-31,,
Rumworth School,Education,101,100-400,,,,,,,,,False,,,
Inspire Partnership Academy Trust,Education,500,400-1000,,,,,,,,,False,,,
University Of Galway,Education,3875,1000+,,,,,,,,,False,,,
Equitas Academies Trust,Education,250,100-400,,,,,,,,,False,,,
Selwyn College University Of Cambridge,Education,144,100-400,,,,,,,,,False,,,
UWC International,Education,282,100-400,,,,,,,,,False,,,
Oak Trust Group,Education,250,100-400,,,,,,,,,False,,,
Mont Rose College,Education,100,100-400,,,,Breath HR,,,,,False,,,
Ambition Institute,Education,343,100-400,,,,,,,,,False,,,
Westminster Adult Education Service,Education,200,100-400,,,,,,,,,False,,,
The 3-18 Education Trust,Education,600,400-1000,,,,EveryHR,,,,,False,,,
Mulberry Schools Trust,Education,420,400-1000,,,,,,,,,False,,,
Elevate Multi academy trust,Education,350,100-400,,,,,,,,,False,,,
The Sigma Trust,Education,1600,1000+,,,EveryHR,EveryHR,,,,,False,,,
Enable Trust,Education,205,100-400,,,,,,,,,False,,,
HEART Academies Trust,Education,465,400-1000,,,,,,,,,False,,,
Laidlaw Schools Trust,Education,785,400-1000,,,,,,,,,False,,,
The Mill Academy,Education,300,100-400,,,,,,,,,False,,,
Unity Schools Partnership,Education,2125,1000+,,,IRIS,IRIS,,,,,False,,,
Dartmoor Multi Academy Trust,Education,900,400-1000,,,IRIS,IRIS,,,,,False,,,
Pathfinder Schools,Education,500,400-1000,,,,,,,,,False,,,
Cavan and Monaghan Education and Training Board,Education,108,100-400,,,,,,,,,False,,,
GBS,Education,1500,1000+,,,,,,,,,False,,,
Forest School,Education,250,100-400,,,EveryHR,EveryHR,2028-11-30,,,2028-11-30,False,2028-05-30,,
Thrive Childcare And Education,Education,136,100-400,,,ADP,ADP,2026-10-01,,2026-10-01,2026-10-01,False,2026-04-01,,
Griffith College Dublin,Education,500,400-1000,,,,Bamboo HR,,,,,False,,,
Middlesex Learning Trust,Education,380,100-400,,,,,,,,,False,,,
Lincoln Anglican Academies Trust,Education,700,400-1000,,,Edupay,,,,,,False,,,
Cheshire Academies Trust,Education,800,400-1000,,,Civica,Civica,,,,,False,,,
Bedelsford School,Education,100,100-400,,,,,,,,,False,,,
Advance He,Education,200,100-400,,,,,,,,,False,,,
Educ8 Training,Education,260,100-400,,,,,,,,,False,,,
TeacherActive,Education,1470,1000+,,,,,,,,,False,,,
Regent's University London,Education,417,400-1000,,,,,,,,,False,,,
Dragon School Oxford,Education,350,100-400,,,,,,,,,False,,,
Riviera Education Trust,Education,250,100-400,,,,,,,,,False,,,
The Skills Network Ltd,Education,201,100-400,,,People HR,People HR,,,,,False,,,
MPCT - Motivational Preparation College For Training,Education,200,100-400,,,,,,,,,False,,,
Pioneer Educational Trust,Education,500,400-1000,,,,,,,,,False,,,
School Business Services Ltd,Education,200,100-400,,,IRIS,,,,,,False,,,
Aim Academies,Education,280,100-400,,,,,,,,,False,,,
Chorus Education Trust,Education,800,400-1000,,,,,,,,,False,,,
LIFE Education Trust,Education,500,400-1000,,,,,,,2026-07-31,,True,,,
Everychild Partnership Trust,Education,400,400-1000,,,,,,,,,False,,,
ATLAS Multi Academy Trust,Education,250,100-400,,,,,,,,,False,,,
Richmond American University London,Education,210,100-400,Snowdrop,,,Sage,,,,,False,,,
Reading Students Union,Education,240,100-400,,,,,,,,,False,,,
Impact Multi Academy Trust,Education,560,400-1000,,,IRIS,IRIS,,,,,False,,,
St Bede's And St Joseph's Catholic College,Education,216,100-400,,,,,,,,,False,,,
Bradford Girls' Grammar School,Education,100,100-400,,,,,,,,,False,,,
Kingswood Learning And Leisure Group Ltd,Education,233,100-400,,,,,,,,,False,,,
Trinity Leisure Centre,Education,120,100-400,,,,,,,,,False,,,
Wessex Learning Trust,Education,1100,1000+,,,,SAMpeople,2029-04-01,,,2029-04-01,False,2027-04-01,,
Red Kite Schools Trust,Education,140,100-400,,,,,,,,,False,,,
JHP Group,Education,145,100-400,,,,,,,,,False,,,
SENAD Group,Education,474,400-1000,,,,,,,,,False,,,
Weydon Multi Academy Trust,Education,1200,1000+,,,,IRIS,,,,,False,,,
Sussex Learning Trust,Education,236,100-400,,,,,,,,,False,,,
Keswick School Multi Academy Trust,Education,194,100-400,,,,,,,,,False,,,
Highfield and Brookham Schools,Education,100,100-400,,,,,,,,,False,,,
National Centre For Circus Arts,Education,113,100-400,,,,,,,,,False,,,
5E Ltd,Education,167,100-400,,,,,,,,,False,,,
Istituto Marangoni,Education,105,100-400,,,,,,,,,False,,,
London School of Commerce,Education,150,100-400,,,,,,,,,False,,,
The Charter Schools Educational Trust,Education,625,400-1000,,,,NeoPeople,,,,,False,,,
Community Schools Trust,Education,683,400-1000,,,,,,,,,False,,,
Oxford International Education Group,Education,450,400-1000,,,,,,,,,False,,,
Learning Pool,Education,167,100-400,,,,,,,,,False,,,
Parrs Wood High School,Education,150,100-400,,,,,,,,,False,,,
5 Dimensions Trust,Education,600,400-1000,,,,,,,,,False,,,
Brine Multi Academy Trust,Education,100,100-400,,,,,,,,,False,,,
Haberdasher's Adams Federation Trust,Education,291,100-400,,,,,,,,,False,,,
St John The Baptist Catholic Multi Academy Trust,Education,550,400-1000,,,,,,,,,False,,,
Buttercups Training,Education,178,100-400,,,,,,,,,False,,,
Jesus College Oxford,Education,250,100-400,,,,,,,,,False,,,
Reigate Sixth Form College,Education,272,100-400,,,,,,,,,False,,,
Every Child Every Day Academy Trust,Education,410,400-1000,,,,,,,,,False,,,
Sandbach School Sixth Form,Education,220,100-400,,,,,,,,,False,,,
St Leonards School,Education,100,100-400,,,,,,,,,False,,,
The Four Stones Multi Academy Trust,Education,410,400-1000,,,,,,,,,False,,,
Ivy Education Trust,Education,630,400-1000,,,,SAMpeople,2028-05-19,,2028-06-09,2028-05-19,False,2027-05-19,,
Dulwich Cranbrook,Education,150,100-400,,,,,,,,,False,,,
Multiverse,Education,800,400-1000,,,HiBob,HiBob,,,,,False,,,
Learning for Life Education Trust,Education,200,100-400,,,,,,,,,False,,,
The Villages' Multi Academy Trust,Education,140,100-400,,,,,,,,,False,,,
Pennine Alliance Learning Trust,Education,300,100-400,,,IRIS,TES,,,,,False,,,
City of London School,Education,250,100-400,,,,,,,,,False,,,
Shooters Hill Sixth Form College,Education,180,100-400,,,,,,,,,False,,,
Chester Diocesan Academies Trust,Education,600,400-1000,,,,SAMpeople,,,,,False,,,
Changing Lives Learning Trust,Education,401,400-1000,,,,,,,,,False,,,
Irish Management Institute,Education,100,100-400,,,,,,,,,False,,,
The Evolve Trust,Education,100,100-400,,,,,,,,,False,,,
Brakenhale School,Education,100,100-400,,,,,,,,,False,,,
The Sovereign Trust,Education,420,400-1000,,,SAMpeople,SAMpeople,2028-02-08,,,2028-02-08,False,2027-02-08,,
Archway Learning Trust,Education,1500,1000+,,,CIPHR,CIPHR,2028-02-01,,2028-02-01,2028-02-01,False,2026-02-01,,
Severn Academies Educational Trust,Education,401,400-1000,,,SAMpeople,SAMpeople,,,,,False,,,
Monkton Combe School,Education,360,100-400,,,,,,,,,False,,,
Dudley Academies Trust,Education,500,400-1000,,,IRIS,IRIS,2027-06-11,,2027-06-18,2027-06-11,False,2026-06-11,,
The Teaching Council,Education,206,100-400,,,,,,,,,False,,,
Gildredge House,Education,271,100-400,,,,,,,,,False,,,
Happy Days Nurseries & Pre-Schools,Education,501,400-1000,,,,,,,,,False,,,
Diocese of Norwich Education and Academies Trust,Education,2000,1000+,,,,,,,,,False,,,
Roffey Park Institute,Education,177,100-400,,,,,,,,,False,,,
NEAT Academy Trust,Education,500,400-1000,,,,,,,,,False,,,
Sidney Stringer Multi Academy Trust,Education,320,100-400,,,,,,,,,False,,,
Horncastle Education Trust,Education,260,100-400,,,,,,,,,False,,,
Rydal Penrhos School,Education,145,100-400,,,,,,,,,False,,,
LMA,Education,105,100-400,,,,,,,,,False,,,
Wootton Academy Trust,Education,150,100-400,,,,,,,,,False,,,
Oxford Business College,Education,160,100-400,,,,,,,,,False,,,
Access Creative College,Education,320,100-400,,,,,,,,,False,,,
Excelsior Multi Academy Trust,Education,418,400-1000,,,,,,,,,False,,,
Core education trust,Education,380,100-400,,,Edupay,,,,,,False,,,
Lighthouse Schools Partnership,Education,1900,1000+,,,,,,,,,False,,,
Knowledge Schools Trust,Education,420,400-1000,,,,,,,,,False,,,
Midsomer Norton Schools Partnership,Education,2300,1000+,,,Access Group,Access,,,,,False,,,
Forward Education Trust,Education,350,100-400,,,,,,,,,False,,,
Embrace Multi Academy Trust,Education,700,400-1000,,,IRIS,,,,,,False,,,
Hamwic Education Trust,Education,2000,1000+,,,,,,,,,False,,,
Archbishop Blanch School,Education,200,100-400,,,,,,,,,False,,,
InvestIN Education,Education,236,100-400,,,,,,,,,False,,,
CIT Academies,Education,770,400-1000,,,,,,,,,False,,,
Spark Education Trust,Education,1200,1000+,,,,,,,,,False,,,
Fennies Nurseries,Education,278,100-400,,,,,,,,,False,,,
Joseph Chamberlain Sixth Form College,Education,250,100-400,,Unknown Product,Other LA,IRIS,,,,,False,,,
The Slough And East Berkshire C Of E Multi Academy Trust,Education,401,400-1000,,,,,2029-08-10,,,2029-08-10,False,2028-08-10,,
The Primary First Trust,Education,550,400-1000,,,SAMpeople,SAMpeople,2028-05-26,,2028-08-24,2028-05-26,False,2027-05-26,,
Tops Day Nurseries,Education,401,400-1000,,,,,,,,,False,,,
University of Oxford,Education,18000,1000+,,,,,,,,,False,,,
Licensed Trade Charity Education Group,Education,800,400-1000,,,,,,,,,False,,,
Parsons Green Nursery,Education,100,100-400,,,,,,,,,False,,,
St Bede CE Primary Multi Academy Trust,Education,300,100-400,,,,,,,,,False,,,
ENDEAVOUR LEARNING TRUST,Education,666,400-1000,,,Access Group,Access,,,,,False,,,
ICAS,Education,547,400-1000,,,,,,,,,False,,,
Children's Corner Childcare,Education,150,100-400,,,,,,,,,False,,,
SCL Education Group,Education,500,400-1000,,,,,2026-01-01,,2026-01-01,,True,,,
Skillsoft,Education,205,100-400,,,,,,,,,False,,,
William Morris Sixth Form,Education,100,100-400,,,,,,,,,False,,,
Connect Academy Trust,Education,580,400-1000,,,,,,,,,False,,,
NIIT Limited,Education,100,100-400,,,,,,,,,False,,,
Milton Keynes Education Trust,Education,401,400-1000,,,,,,,,,False,,,
Quantock Education Trust,Education,380,100-400,,Access,Access Group,,,,,,False,,,
Our Lady of the Magnificat,Education,750,400-1000,,,,,,,,,False,,,
The Beacon,Education,275,100-400,,,,,,,,,False,,,
Briarwood School,Education,160,100-400,,,,,,,,,False,,,
The White Hills Park Trust,Education,525,400-1000,,,,,,,,,False,,,
Co-op Academies Trust,Education,2580,1000+,,,SAMpeople,SAMpeople,,,,,False,,,
Big Creative Education,Education,100,100-400,,,,,,,,,False,,,
King's Group Academies,Education,700,400-1000,,,IRIS,,2028-08-17,,,2028-08-17,False,2027-08-17,,
Elstree School,Education,177,100-400,,,,,,,,,False,,,
Francis Holland School Regent's Park,Education,150,100-400,,,,,,,,,False,,,
Haileybury,Education,254,100-400,,,,,,,,,False,,,
Pennine Academies Yorkshire,Education,450,400-1000,,,,,,,,,False,,,
The Mead Educational Trust,Education,1100,1000+,,,,,,,,,False,,,
Blanchelande College,Education,100,100-400,,,,,,,,,False,,,
Aspirations Academies Trust,Education,300,100-400,,,,,,,,,False,,,
SOUTH EAST ESSEX ACADEMY TRUST,Education,550,400-1000,,,,IRIS,2027-09-01,,,2027-09-01,False,2026-09-01,,
Pocklington School,Education,270,100-400,Unknown Product,Unknown Product,SimplyPersonnel,SimplyPersonnel,,,,,False,,,
Watford St John?s Church of England Primary School,Education,150,100-400,,,,,,,,,False,,,
Greater Manchester Education Trust,Education,700,400-1000,,,,,,,,,False,,,
Essex Shared Services,Education,1580,1000+,,,,,,,2026-02-03,,True,,,
Catcote Academy,Education,211,100-400,,,,,,,,,False,,,
PolyMAT Multi Academy Trust,Education,250,100-400,,,,,,,,,False,,,
Tall Oaks Academy Trust Ltd,Education,116,100-400,,,,,,,,,False,,,
The Cam Academy Trust UK,Education,1035,1000+,,,,,,,,,False,,,
Search Education Trust,Education,250,100-400,,,,,,,,,False,,,
Trinity Business School,Education,450,400-1000,,,,,,,,,False,,,
Southport Learning Trust,Education,680,400-1000,,,,,,,,,False,,,
University Of Kent Academies Trust,Education,350,100-400,,,,,,,,,False,,,
The Alliance Schools Trust,Education,680,400-1000,,,,,,,,,False,,,
Education Impact Academy Trust,Education,600,400-1000,,,,,,,,,False,,,
Manor Hall Trust,Education,850,400-1000,,,,,,,,,False,,,
EMBARK Federation,Education,1239,1000+,,,,,,,,,False,,,
ACM - Academy Of Contemporary Music,Education,360,100-400,,,,,,,,,False,,,
Navitas,Education,218,100-400,,,,,,,,,False,,,
MBKB Training - Ofsted OUTSTANDING provider,Education,101,100-400,,,,,,,,,False,,,
Bourne Education Trust,Education,1500,1000+,,,,,,,,,False,,,
Services For Education Limited,Education,200,100-400,,,,IRIS,,,,,False,,,
Pitch International,Education,100,100-400,,,,,,,,,False,,,
Bellevue Education,Education,1000,1000+,,,Edupay,,,,,,False,,,
Nishkam Schools Multi-Academy Trust,Education,400,400-1000,,,,,,,,,False,,,
TEACHPoole,Education,210,100-400,,,,,,,,,False,,,
Falcon Education Academies Trust,Education,300,100-400,,,,,,,,,False,,,
EFA Trust,Education,240,100-400,,,,,,,,,False,,,
Galway and Roscommon ETB,Education,3000,1000+,,,,,,,,,False,,,
Fairfax Multi-Academy Trust,Education,500,400-1000,,,,,,,,,False,,,
Bishop Wilkinson Catholic Education Trust,Education,2000,1000+,,,,,,,,,False,,,
Norwich Bioscience Institutes Partnership,Education,142,100-400,,,,,,,,,False,,,
Dublin Business School,Education,650,400-1000,,,,,,,,,False,,,
Generations Multi Academy Trust,Education,350,100-400,,,,,,,,,False,,,
Tudor Grange Academies Trust,Education,950,400-1000,,,,,,,,,False,,,
University Academy 92,Education,146,100-400,,,,,,,,,False,,,
South Pennine Academies,Education,750,400-1000,,,,,,,,,False,,,
Holy Cross Catholic MAC,Education,800,400-1000,,,,,,,,,False,,,
Compass Learning Partnership Trust,Education,300,100-400,,,,,,,,,False,,,
Munster Technological University,Education,1500,1000+,,,,,,,,,False,,,
The Dean Trust,Education,872,400-1000,,,,,,,,,False,,,
The Consortium Academy Trust,Education,1100,1000+,,,,SAMpeople,2028-04-06,,2028-04-14,2028-04-06,False,2026-04-06,,
Emagine,Education,108,100-400,,,,,,,,,False,,,
Central Region Schools Trust,Education,1007,1000+,,,,,,,,,False,,,
ESCP Business School,Education,311,100-400,,,,,,,,,False,,,
Open Study College,Education,100,100-400,,,,,,,,,False,,,
LUMEN CHRISTI CATHOLIC MULTI ACADEMY COMPANY,Education,401,400-1000,,,Access Group,Access,,,,,False,,,
St John Bosco Catholic Academy,Education,390,100-400,,,,,,,,,False,,,
London School Of Science & Technology,Education,413,400-1000,,,,HealthboxHR,2029-02-16,,,2029-02-16,False,2028-02-16,,
Cardiff Sixth Form College,Education,100,100-400,,,,,,,,,False,,,
Discovery Educational Trust,Education,500,400-1000,,,,,,,,,False,,,
SHINE MULTI ACADEMY TRUST,Education,100,100-400,,,,,,,,,False,,,
Bishop Hogarth Catholic Education Trust,Education,1700,1000+,,,,,,,,,False,,,
Life Multi Academy Trust,Education,1500,1000+,,,IRIS,IRIS,,,,,False,,,
Telford College,Education,560,400-1000,,,Capita,Capita,,,,,False,,,
The Partnership Trust,Education,1000,1000+,,,,,,,,,False,,,
Russell Education Trust,Education,580,400-1000,,,EveryHR,EveryHR,,,,,False,,,
Rivermead Inclusive Trust,Education,450,400-1000,,,IRIS,,,,,,False,,,
SEO London,Education,5593,1000+,,,,,,,,,False,,,
Christ The King Sixth Forms,Education,220,100-400,Access - Select HR,,,Access,,,,,False,,,
City of Portsmouth College,Education,500,400-1000,ResourceLink,ResourceLink,Zellis,Zellis,,,,,False,,,
Sir Isaac Newton Sixth Form,Education,100,100-400,,,,,,,,,False,,,
St. David's Catholic College,Education,100,100-400,,,,,,,,,False,,,
LIBF,Education,300,100-400,,,,,,,,,False,,,
Alpha Academies Trust,Education,600,400-1000,,,,,,,,,False,,,
The Royal College Of Radiologists,Education,170,100-400,,,,,,,,,False,,,
Marino Institute Of Education,Education,100,100-400,,,Access Group,Access,,,,,False,,,
National College of Art & Design,Education,201,100-400,,,,,,,,,False,,,
Cavendish Education Group,Education,501,400-1000,,,,,,,,,False,,,
Kent Catholic Schools? Partnership,Education,1500,1000+,,,,,,,,,False,,,
BPET,Education,650,400-1000,,,,,,,,,False,,,
The Wensum Trust,Education,610,400-1000,,,TES,,,,,,False,,,
Tudor Park Education Trust,Education,100,100-400,,,,,,,,,False,,,
Batley Multi Academy Trust,Education,681,400-1000,,,,,,,,,False,,,
Authentic Education,Education,533,400-1000,,,,,,,,,False,,,
Athena Learning Trust,Education,548,400-1000,,,,,,,,,False,,,
Girls' Learning Trust,Education,490,400-1000,,,,,,,,,False,,,
Lingfield College,Education,100,100-400,,,WCBS,CIPHR,,,,,False,,,
The Bay Learning Trust,Education,500,400-1000,,,,,,,,,False,,,
Emmaus Catholic Academy Trust,Education,1500,1000+,,,,,,,,,False,,,
Embley,Education,100,100-400,,,,,,,,,False,,,
Walthamstow Academy,Education,100,100-400,,,,,,,,,False,,,
Harborne Academy,Education,100,100-400,,,,,,,,,False,,,
Newhouse Academy,Education,100,100-400,,,,,,,,,False,,,
La Retraite Roman Catholic Girls'? School,Education,100,100-400,,,,,,,,,False,,,
Fulford School,Education,100,100-400,,,,,,,,,False,,,
Shireland Collegiate Academy Trust,Education,650,400-1000,,,SAMpeople,SAMpeople,2029-04-20,,,2029-04-20,False,2028-04-20,,
Aspris Scotland Services,Education,218,100-400,,,,,,,,,False,,,
Bedford High School,Education,100,100-400,,,,,,,,,False,,,
Cantell School,Education,100,100-400,,,,,,,,,False,,,
Sir Thomas Boteler CofE High School,Education,100,100-400,,,,,,,,,False,,,
Omega Multi-Academy Trust,Education,630,400-1000,,,,,,,,,False,,,
Burton Borough School,Education,100,100-400,,,,,,,,,False,,,
Fitzharrys School,Education,100,100-400,,,,,,,,,False,,,
Achievement Through Collaboration Multi Academy Trust,Education,550,400-1000,,,,,,,,,False,,,
Sale High School,Education,100,100-400,,,,,,,,,False,,,
Benton Park School,Education,100,100-400,,,,,,,,,False,,,
Ormiston Horizon Academy,Education,100,100-400,,,,,,,,,False,,,
Mater Christi Multi Academy Trust,Education,600,400-1000,,,,,,,,,False,,,
Create Partnership Trust,Education,300,100-400,,,,,,,,,False,,,
Oasis Academy Coulsdon,Education,100,100-400,,,,,,,,,False,,,
Bright Futures Educational Trust,Education,750,400-1000,,,,,,,,,False,,,
St Catherine's School Bramley,Education,216,100-400,,,IRIS,IRIS,,,,,False,,,
Derby Diocesan Academy Trust,Education,1220,1000+,,,SAMpeople,SAMpeople,,,,,False,,,
Smart Teachers,Education,200,100-400,,,,,,,,,False,,,
The King's School Chester,Education,350,100-400,,,,,,,,,False,,,
Cirencester College,Education,300,100-400,,,,,,,,,False,,,
Coventry College,Education,650,400-1000,,,,,,,,,False,,,
GLF Schools,Education,2700,1000+,,,,,,,,,False,,,
National Education Union,Education,383,100-400,,,,,,,,,False,,,
Ted Wragg Trust,Education,2080,1000+,,,,,,,,,False,,,
Excel Learning Trust,Education,450,400-1000,,,,,,,,,False,,,
Broadleaf Partnership Trust,Education,420,400-1000,,,,,,,2027-08-12,2027-08-12,False,2026-08-12,,
Magdalen Nursery & Daycare Ltd,Education,120,100-400,,,,,,,,,False,,,
Aspire Multi Academy Trust,Education,150,100-400,,,,,,,,,False,,,
Futura Learning Partnership,Education,1630,1000+,,,,NeoPeople,,,,,False,,,
Aspire Schools,Education,150,100-400,,,,,,,,,False,,,
London Film School,Education,100,100-400,Sage,Sage,Sage,Sage,,,,,False,,,
Aurora Academies Trust,Education,426,400-1000,,,,,,,,,False,,,
St. Clare Catholic Multi Academy Trust,Education,827,400-1000,,,IRIS,IRIS,,,,,False,,,
Heart of Yorkshire Education Group,Education,900,400-1000,,,Zellis,Zellis,,,,,False,,,
Venn Academy Trust,Education,720,400-1000,,,,,,,,,False,,,
Enhance Academy Trust,Education,515,400-1000,,,,,,,,,False,,,
Waterton Academy Trust,Education,527,400-1000,,,Access Group,Access,2026-07-24,,2026-07-31,,True,,,
South East Technological University,Education,2000,1000+,Unknown Product,Unknown Product,Core International,Core International,,,,,False,,,
Ada National College For Digital Skills,Education,100,100-400,,,,,,,,,False,,,
AIM Qualifications And Assessment Group,Education,100,100-400,,,,,,,,,False,,,
BridgeU,Education,107,100-400,,,,,,,,,False,,,
Frank Field Education Trust,Education,300,100-400,,,,,,,,,False,,,
UNIVERSITY OF CHICHESTER ACADEMY TRUST,Education,500,400-1000,Access,Access,Access Group,Access,2027-01-01,,2027-01-01,2027-01-01,False,2026-01-01,,
Twyford Church of England Academies Trust,Education,380,100-400,,,,,,,,,False,,,
BibliU,Education,167,100-400,,,,,,,,,False,,,
Valley Invicta Academies Trust,Education,770,400-1000,,,,Access,,,,,False,,,
WISE ACADEMIES,Education,780,400-1000,,,Access Group,Access,,,,,False,,,
Inspiro Learning,Education,540,400-1000,,,,,,,,,False,,,
Prep Schools Trust,Education,460,400-1000,,,,,,,,,False,,,
David Nieper Academy,Education,120,100-400,,,,,,,,,False,,,
Heathland Whitefriars Federation,Education,300,100-400,,,,,,,,,False,,,
St John Paul II Multi Academy,Education,550,400-1000,,,,,,,,,False,,,
NCUK - The University Consortium,Education,191,100-400,,,,,,,,,False,,,
Bishop Chadwick Catholic Education Trust,Education,1357,1000+,,,,,,,,,False,,,
Inspired Learning Group,Education,900,400-1000,,,,,,,,,False,,,
Agora Learning Partnership,Education,450,400-1000,,,IRIS,,,,,,False,,,
Inspiring Futures Through Learning,Education,914,400-1000,,,,,,,,,False,,,
Ivy Learning Trust,Education,750,400-1000,,,,,,,,,False,,,
Truro & Penwith Academy Trust,Education,1500,1000+,,,,,,,,,False,,,
Dollar Academy,Education,201,100-400,,,,,,,,,False,,,
Broomhill bank school,Education,200,100-400,,,,,,,,,False,,,
Corpus Christi College Oxford,Education,100,100-400,,,,,,,,,False,,,
Leodis Academies Trust,Education,450,400-1000,,,,,,,,,False,,,
Aquila Diocese of Canterbury Academies Trust,Education,694,400-1000,Access,,,Access,2027-04-12,,2027-04-12,2027-04-12,False,2026-04-12,,
Prospere Learning Trust,Education,1125,1000+,,,,,,,,,False,,,
East Norfolk Sixth Form College,Education,266,100-400,,,,,,,,,False,,,
GREAT SCHOOLS TRUST,Education,550,400-1000,,,,,,,,,False,,,
Impact Education Multi Academy Trust,Education,650,400-1000,,,,,,,,,False,,,
Hatton Academies Trust,Education,400,400-1000,,,,,,,,,False,,,
SAND Academies Trust,Education,600,400-1000,,,,,,,,,False,,,
PORTICO ACADEMY TRUST,Education,400,400-1000,,,,,,,,,False,,,
Hampton Academies Trust,Education,300,100-400,,,,,,,,,False,,,
Scholars Education Trust,Education,522,400-1000,,,Sage,,,,,,False,,,
Gosforth Group Multi Academy Trust,Education,800,400-1000,,,,SAMpeople,2028-07-21,,,2028-07-21,False,2027-07-21,,
The College of Animal Welfare,Education,500,400-1000,,,,,,,,,False,,,
Albyn School,Education,3000,1000+,,,,,,,,,False,,,
Diocese of Bristol Academies Trust,Education,520,400-1000,,,,,,,,,False,,,
Peterborough Keys Academies Trust,Education,500,400-1000,,,,,,,,,False,,,
Vine Schools Trust,Education,650,400-1000,,,,,,,,,False,,,
Linwood School,Education,100,100-400,,,,,,,,,False,,,
West Dean College,Education,201,100-400,,,,,,,,,False,,,
Kingsbridge Educational Trust,Education,400,400-1000,,,,,,,,,False,,,
Enginuity,Education,159,100-400,,,,,,,,,False,,,
The Compass Eko Trust,Education,2000,1000+,,,NeoPeople,NeoPeople,,,,,False,,,
EPA Trust,Education,500,400-1000,,,,,,,,,False,,,
Southend Adult Community College,Education,175,100-400,,,,,,,,,False,,,
Glenalmond College,Education,169,100-400,,,,Breath HR,,,,,False,,,
Bourne Alliance Multi Academy Trust,Education,320,100-400,,,,,,,,,False,,,
Voyage Education Partnership,Education,501,400-1000,,,IRIS,IRIS,2027-10-01,,,2027-10-01,False,2026-10-01,,
Zen Educate,Education,764,400-1000,,,,,,,,,False,,,
Atom Learning,Education,356,100-400,,,,,,,,,False,,,
BIMM University,Education,477,400-1000,,,,,,,,,False,,,
Chartered College Of Teaching,Education,304,100-400,,,,,,,,,False,,,
Code First Girls,Education,485,400-1000,,,,,,,,,False,,,
E-Careers,Education,209,100-400,,,,,,,,,False,,,
Elizabeth School Of London,Education,280,100-400,,,,,,,,,False,,,
Faria Education Group,Education,254,100-400,,,,,,,,,False,,,
Highfield,Education,447,400-1000,,,,,,,,,False,,,
Hull York Medical School,Education,275,100-400,,,,,,,,,False,,,
Humberside Engineering Training Association,Education,279,100-400,,,,,,,,,False,,,
Junior Adventures Group UK,Education,369,100-400,,,,,,,,,False,,,
LAMDA,Education,200,100-400,,,,,,,,,False,,,
Lancaster University Students Union,Education,214,100-400,,,,,,,,,False,,,
Lycée Français Charles De Gaulle De Londres,Education,370,100-400,In House,In House,,,,,,,False,,,
Novus - Foundations For Change,Education,349,100-400,,,,,,,,,False,,,
Perlego,Education,221,100-400,,,,,,,,,False,,,
Raspberry Pi Foundation,Education,244,100-400,,,,,,,,,False,,,
Resuscitation Council UK,Education,365,100-400,,,,,,,,,False,,,
Royal College Of Physicians And Surgeons Of Glasgow,Education,206,100-400,,,,,,,,,False,,,
Speakers For Schools,Education,287,100-400,,,,,,,,,False,,,
STEM Ambassadors,Education,703,400-1000,,,,,,,,,False,,,
SuperCamps,Education,237,100-400,,,,,,,,,False,,,
Supply Desk limited,Education,748,400-1000,,,,,,,,,False,,,
TCHC,Education,456,400-1000,,,,,,,,,False,,,
The Chartered Institute Of Export & International Trade,Education,204,100-400,,,,,,,,,False,,,
The Profs,Education,296,100-400,,,,,,,,,False,,,
Times Higher Education,Education,324,100-400,,,,,,,,,False,,,
Twinkl Educational Publishing,Education,1008,1000+,,,,,,,,,False,,,
University Of Bristol Students Union,Education,486,400-1000,,,,,,,,,False,,,
University Of Manchester Students Union,Education,326,100-400,,,,,,,,,False,,,
Diocese of Chichester Academy Trust,Education,1032,1000+,,,,,,,,,False,,,
University of Leeds,Education,9302,1000+,,,SAP,SAP,,,,,False,,,
Tenax Schools Trust,Education,520,400-1000,,,,,,,,,False,,,
Udemy,Education,217,100-400,,,,,,,,,False,,,
SIPS Education,Education,360,100-400,,,,,,,,,False,,,
City of Dublin ETB,Education,141,100-400,,,,,,,,,False,,,
Yorkshire Causeway Schools Trust,Education,550,400-1000,,,,,,,,,False,,,
UWC Atlantic College,Education,350,100-400,,,,,,,,,False,,,
North Star Academy Trust,Education,100,100-400,,,,,,,,,False,,,
Maritime Academy Trust,Education,750,400-1000,,,,,2028-07-28,,,2028-07-28,False,2027-07-28,,
BSC Education,Education,280,100-400,,,,,,,,,False,,,
Liverpool Diocesan Schools Trust,Education,750,400-1000,,,,,,,,,False,,,
Blavatnik School Of Government University Of Oxford,Education,178,100-400,,,,,,,,,False,,,
Hathaway Brown School,Education,201,100-400,,,,,,,,,False,,,
Cognition Learning Group,Education,163,100-400,,,IRIS,,,,,,False,,,
Lumero Educational Trust,Education,765,400-1000,,,,,,,,,False,,,
Raleigh Education Trust,Education,250,100-400,,,,,,,,,False,,,
Greenford High School,Education,109,100-400,,,,,,,,,False,,,
Vale Academy Trust,Education,650,400-1000,,,,,,,,,False,,,
The Blessed Edward Bamber Catholic Multi Academy Trust,Education,660,400-1000,,,,,,,,,False,,,
NSCG,Education,760,400-1000,,,,,,,,,False,,,
"University of Dublin, Trinity College",Education,6721,1000+,,,,,,,,,False,,,
Norland College,Education,140,100-400,,,,,,,,,False,,,
Hive Education Trust,Education,205,100-400,,,,,,,,,False,,,
"University College Cork, Ireland (UCC)",Education,9029,1000+,,,,,,,,,False,,,
North Star Community Trust,Education,420,400-1000,,,,,,,,,False,,,
EBN Trust,Education,100,100-400,,,,,,,,,False,,,
Preston Hedges Trust,Education,209,100-400,,,,,,,,,False,,,
The Edwin Group,Education,360,100-400,,,,,,,,,False,,,
Drapers Multi-Academy Trust,Education,336,100-400,,,,,,,,,False,,,
Rhodes Trust,Education,223,100-400,,,,,,,,,False,,,
The Colleges' Partnership Ltd,Education,200,100-400,,,,,,,,,False,,,
Future Fit Training Ltd,Education,114,100-400,,,,,,,,,False,,,
Success For All Educational Trust,Education,100,100-400,,,,,,,,,False,,,
KIDO,Education,548,400-1000,,,,,,,,,False,,,
The Beckmead Trust,Education,380,100-400,,,,,,,,,False,,,
LEYF,Education,557,400-1000,,,,,,,,,False,,,
Nelson college london,Education,119,100-400,,,,,,,,,False,,,
TEC Partnership,Education,114,100-400,,,,,,,,,False,,,
Entrust Education,Education,582,400-1000,,,,,,,,,False,,,
Altus Education Partnership,Education,600,400-1000,,,,,,,,,False,,,
South Bank Colleges,Education,463,400-1000,,,,,,,,,False,,,
Cognus Limited,Education,136,100-400,,,,,,,,,False,,,
Stour Vale Academy Trust,Education,1100,1000+,,,,,,,,,False,,,
Drb Ignite Multi Academy Trust,Education,600,400-1000,,,Access Group,Access,2028-07-14,,2028-06-23,2028-06-23,False,2027-06-23,,
PebblePad - The Learning Journey Platform,Education,169,100-400,,,,,,,,,False,,,
SHINE Academies,Education,218,100-400,,,,,,,,,False,,,
THE GOLDEN THREAD ALLIANCE,Education,700,400-1000,,,,Unit4,,,,,False,,,
London Film Academy,Education,102,100-400,,,,,,,,,False,,,
The Newman Catholic Collegiate,Education,422,400-1000,,,,,,,,,False,,,
Equals Trust,Education,570,400-1000,,,,SAMpeople,2031-08-08,,,2031-08-08,False,2030-08-08,,
Concorde International,Education,126,100-400,,,,,,,,,False,,,
Ashbourne Day Nurseries,Education,400,400-1000,,,,,,,,,False,,,
King Edward VI School Southampton,Education,113,100-400,,,,,,,,,False,,,
King Edward's School Birmingham,Education,149,100-400,,,,,,,,,False,,,
Invictus Education Trust,Education,754,400-1000,,,,,,,,,False,,,
Oxygen House,Education,145,100-400,,,,,,,,,False,,,
GDST,Education,3700,1000+,PeopleXD,,Access Group,Access,,,,,False,,,
Wandle Learning Trust,Education,400,400-1000,,,,,,,,,False,,,
Consilium Academies,Education,630,400-1000,,,,,,,,,False,,,
SOLAS,Education,1499,1000+,,,,,,,,,False,,,
Professional Football Scouts Association,Education,181,100-400,,,,,,,,,False,,,
LearnUpon,Education,615,400-1000,,,,,,,,,False,,,
COCKBURN MULTI ACADEMY TRUST,Education,500,400-1000,,,,,,,,,False,,,
Move it Kids.,Education,215,100-400,,,,,,,,,False,,,
Trafford College,Education,857,400-1000,,,,,,,,,False,,,
Connect Multi Academy Trust,Education,550,400-1000,,,,,,,,,False,,,
Newcastle College University Centre,Education,1324,1000+,,,,,,,,,False,,,
Little Heath School,Education,128,100-400,,,,,,,,,False,,,
The Pinnacle Learning Trust,Education,500,400-1000,,,,,,,,,False,,,
The Ascent Academies Trust,Education,620,400-1000,,,,,,,,,False,,,
MacIntyre Academies,Education,300,100-400,,,,,,,,,False,,,
Leathersellers' Federation of Schools,Education,401,400-1000,,,Access Group,Access,,,,,False,,,
The Legacy Learning Trust,Education,580,400-1000,,,,,,,,,False,,,
Central Learning Partnership Trust,Education,1000,1000+,,,,,,,,,False,,,
Amethyst Academies Trust,Education,700,400-1000,,,,SAMpeople,2028-02-24,,,2028-02-24,False,2027-02-24,,
SLP Multi-Academy Trust,Education,300,100-400,,,,,,,,,False,,,
Lingfield Education Trust,Education,600,400-1000,,,,,,,,,False,,,
Netcom Training,Education,168,100-400,,,,,,,,,False,,,
CHILTERN WAY ACADEMY TRUST,Education,401,400-1000,,,,,,,,,False,,,
UCD Students Union,Education,121,100-400,,,,,,,,,False,,,
Harbour Learning Alliance,Education,460,400-1000,,,,,,,,,False,,,
NORTHERN SCHOOLS TRUST,Education,300,100-400,,,,,,,,,False,,,
Doncaster College,Education,841,400-1000,,,,,,,,,False,,,
VinciWorks,Education,142,100-400,,,,,,,,,False,,,
Irish College Of GPs,Education,229,100-400,,,,,,,,,False,,,
The Students? Union At UWE,Education,119,100-400,,,,,,,,,False,,,
Staffordshire Students Union,Education,214,100-400,,,,,,,,,False,,,
University of Sussex Students Union,Education,212,100-400,,,,,,,,,False,,,
Hertfordshire Students Union,Education,129,100-400,,,,,,,,,False,,,
Leeds Beckett Students? Union,Education,102,100-400,,,,,,,,,False,,,
Ulster University Students Union,Education,100,100-400,,,,,,,,,False,,,
Technological University Of The Shannon,Education,945,400-1000,,,,,,,,,False,,,
Royal College Of Physicians Of Ireland,Education,471,400-1000,,,,,,,,,False,,,
Cumnor House Sussex,Education,102,100-400,,,,,,,,,False,,,
Planet Education Networks,Education,136,100-400,,,,,,,,,False,,,
QEGSMAT,Education,1200,1000+,,,,,,,,,False,,,
Kingfisher Schools Trust,Education,600,400-1000,,,,,,,,,False,,,
EPG Health,Education,101,100-400,,,,,,,,,False,,,
Mrs Wordsmith,Education,146,100-400,,,,,,,,,False,,,
Family First Day Nurseries,Education,133,100-400,,,,,,,,,False,,,
ETF,Education,456,400-1000,,,,,,,,,False,,,
The Donaldson Trust,Education,126,100-400,,,,,,,,,False,,,
Libraries NI,Education,610,400-1000,,,,,,,,,False,,,
Arete Learning Trust,Education,750,400-1000,,,,,,,,,False,,,
North West Academies Trust,Education,435,400-1000,,,,,,,,,False,,,
Bordesley Multi Academy Trust,Education,503,400-1000,,,,,2028-10-20,,2028-06-30,2028-06-30,False,2027-06-30,,
The Diocese Of Sheffield Academies Trust,Education,757,400-1000,,,,Access,2028-06-23,,,2028-06-23,False,2027-06-23,,
Queen Alexandra Charity (QAC),Education,250,100-400,,,,,,,,,False,,,
Thrive Co-operative Learning Trust,Education,850,400-1000,,,Edupay,,,,,,False,,,
Northcoders Group PLC,Education,128,100-400,,,,,,,,,False,,,
The Romero Catholic Academy,Education,500,400-1000,,,IRIS,IRIS,,,,,False,,,
Creating Tomorrow MAT,Education,450,400-1000,,,,,,,,,False,,,
EdAct,Education,400,400-1000,,,,,,,,,False,,,
Liberty Multi Academy Trust,Education,400,400-1000,,,,,,,,,False,,,
Heartwood Learning Trust,Education,1385,1000+,,,,,,,,,False,,,
Hutchesons Grammar School,Education,360,100-400,,,,,,,,,False,,,
Inchcape UK,Education,1200,1000+,,,,,,,,,False,,,
The Mast Academy Trust,Education,200,100-400,,,,,,,,,False,,,
Skills4Group,Education,120,100-400,,,,,,,,,False,,,
Bright Scholar (UK) Holdings Limited,Education,1000,1000+,,,,,,,,,False,,,
Affinity Learning Partnership,Education,800,400-1000,,,,,,,,,False,,,
Clongowes Wood College S.J.,Education,200,100-400,,,,,,,,,False,,,
Snapdragons Nurseries Limited,Education,450,400-1000,,,,,,,,,False,,,
Global Study UK,Education,154,100-400,,,,,,,,,False,,,
Simon Langton Grammar School For Boys,Education,200,100-400,,,,,,,,,False,,,
University Of Manchester (Strategic Change Office),Education,18853,1000+,,,,,,,,,False,,,
Cheviot Learning Trust,Education,800,400-1000,,,,,,,,,False,,,
Runna,Education,156,100-400,,,,,,,,,False,,,
Unifrog,Education,117,100-400,,,,,,,,,False,,,
Abbey DLD Colleges Group,Education,320,100-400,Access - Select HR,,,Access,,,,,False,,,
QA Higher Education,Education,535,400-1000,,,,,,,,,False,,,
London College Of Contemporary Arts,Education,169,100-400,,,,,,,,,False,,,
SEN Trust Southend,Education,460,400-1000,,,,EveryHR,,,,,False,,,
Robiquity,Education,160,100-400,,,,,,,,,False,,,
Honorlock Canada Inc.,Education,130,100-400,,,,,,,,,False,,,
Arbor Education,Education,450,400-1000,,,,,,,,,False,,,
Oak Multi Academy Trust,Education,420,400-1000,,,,,,,,,False,,,
Marylebone Boys School,Education,150,100-400,,,,,,,,,False,,,
The Park Academies Trust,Education,566,400-1000,,,,,,,,,False,,,
The Tennyson Learning Community,Education,227,100-400,,,,,,,,,False,,,
Language Insight,Education,124,100-400,,,,,,,,,False,,,
Polaris Multi Academy Trust,Education,331,100-400,,,,,,,,,False,,,
Humly,Education,119,100-400,,,,,,,,,False,,,
St Barnabas Multi Academy Trust,Education,201,100-400,,,,,,,,,False,,,
Abbeyfield School,Education,228,100-400,,,,,,,,,False,,,
The Oak Academy Trust,Education,300,100-400,,,,,,,,,False,,,
RTriibe,Education,163,100-400,,,,,,,,,False,,,
CECOS College London,Education,199,100-400,,,,,,,,,False,,,
Harrodian,Education,250,100-400,,,,,,,,,False,,,
MyEdSpace,Education,111,100-400,,,,,,,,,False,,,
The Key Group,Education,216,100-400,,,,,,,,,False,,,
Higher Ed Partners,Education,102,100-400,,,,,,,,,False,,,
Trinitas Academy Trust,Education,453,400-1000,,,,,,,,,False,,,
Tick Education Ltd,Education,103,100-400,,,,,,,,,False,,,
The Diamond Learning Partnership Trust,Education,545,400-1000,,,,,,,,,False,,,
St Lawrence Academies Trust,Education,170,100-400,,,,,,,,,False,,,
Primitas Learning Partnership,Education,500,400-1000,,,,,,,,,False,,,
Berkshire Music Trust,Education,104,100-400,,,,,,,,,False,,,
Inspire Learning Trust,Education,550,400-1000,,,,,,,,,False,,,
HCAT,Education,650,400-1000,,,,,,,,,False,,,
Bridgwater College Trust,Education,517,400-1000,,,,,,,,,False,,,
The Eden Academy Trust,Education,500,400-1000,,,,Capita,2029-07-13,,,2029-07-13,False,2028-07-13,,
Lionheart Academies Trust,Education,1285,1000+,,,,,,,,,False,,,
Orbis Education Trust,Education,204,100-400,,,Civica,,,,,,False,,,
Fordham University,Education,10000,1000+,,,,,,,,,False,,,
HRUC,Education,1000,1000+,,,,,,,,,False,,,
UNIVERSITY OF MASSACHUSETTS AMHERST,Education,26000,1000+,,,,,,,,,False,,,
UCLU,Education,203,100-400,,,,,,,,,False,,,
Blessed Christopher Wharton Catholic Academy Trust,Education,900,400-1000,,,,SAMpeople,2028-07-14,,,2028-07-14,False,2027-07-14,,
GEDU Global Education,Education,1022,1000+,,,,,,,,,False,,,
Orchard Learning Alliance,Education,800,400-1000,,,,,,,,,False,,,
Brownhills Ormiston Academy,Education,120,100-400,,,,,,,,,False,,,
Students Organising For Sustainability,Education,101,100-400,,,,,,,,,False,,,
CAFRE,Education,250,100-400,,,,,,,,,False,,,
St Thomas Catholic Academies Trust,Education,1255,1000+,,,,,,,,,False,,,
St Gabriel The Archangel Catholic Multi-Academy Trust (SGACMAT),Education,5000,1000+,,,,,,,,,False,,,
The Bishop Konstant Catholic Academy Trust,Education,757,400-1000,,,,,,,,,False,,,
Maersk Training,Education,787,400-1000,,,,,,,,,False,,,
Riverside College,Education,574,400-1000,,,,,,,,,False,,,
CCEA,Education,496,400-1000,,,,,,,,,False,,,
"York College, York UK",Education,528,400-1000,,,,,,,,,False,,,
MHFA England®,Education,1000,1000+,,,,,,,,,False,,,
Knovia,Education,516,400-1000,,,,,,,,,False,,,
Treloar,Education,768,400-1000,,,,,,,,,False,,,
The Inform Team,Education,125,100-400,,,,,,,,,False,,,
pointblank Music School,Education,175,100-400,,,,,,,,,False,,,
The Complete Works,Education,104,100-400,,,,,,,,,False,,,
Synergy Learning,Education,200,100-400,,,,,,,,,False,,,
The Chartered Governance Institute UK & Ireland,Education,151,100-400,,,,,,,,,False,,,
Stability AI,Education,184,100-400,,,,,,,,,False,,,
Wapping High School,Education,200,100-400,,,,,,,,,False,,,
Juniper Training,Education,250,100-400,,,,,,,,,False,,,
Stafford House International,Education,147,100-400,,,,,,,,,False,,,
Eliesha Training,Education,200,100-400,,,,,,,,,False,,,
Ecctis,Education,250,100-400,,,,,,,,,False,,,
Career Ready,Education,200,100-400,,,,,,,,,False,,,
Landmarks Specialist College,Education,147,100-400,,,,,,,,,False,,,
First Bridge Centre,Education,200,100-400,,,,Breath HR,,,,,False,,,
West Lea School,Education,250,100-400,,,,,,,,,False,,,
Gurdon Institute,Education,362,100-400,,,,,,,,,False,,,
Training Qualifications UK,Education,169,100-400,,,,,,,,,False,,,
UHBW Careers,Education,191,100-400,,,,,,,,,False,,,
TCHC Group,Education,198,100-400,,,,,,,,,False,,,
Jigsaw Trust,Education,113,100-400,,,,,,,,,False,,,
UTC South Durham,Education,121,100-400,,,,,,,,,False,,,
WS Training Ltd,Education,155,100-400,,,,,,,,,False,,,
Thinqi,Education,200,100-400,,,,,,,,,False,,,
Chiltern Wood School,Education,119,100-400,,,,,,,,,False,,,
Oxford Seed Fund,Education,400,400-1000,,,,,,,,,False,,,
Toynbee School,Education,150,100-400,,,,,,,,,False,,,
BioGrad,Education,119,100-400,,,,,,,,,False,,,
Venture People,Education,107,100-400,,,,,,,,,False,,,
Wilmington Plc,Education,640,400-1000,,,,,,,,,False,,,
Pennies Day Nursery,Education,290,100-400,,,,,,,,,False,,,
Hurlingham Prep School and Nursery,Education,182,100-400,,,,,,,,,False,,,
Thurrock Adult Community College,Education,175,100-400,,,,,,,,,False,,,
The Cottesloe School,Education,250,100-400,,,,,,,,,False,,,
Walbrook Institute London,Education,155,100-400,,,,,,,,,False,,,
Skillcast Group Plc,Education,135,100-400,,,,,,,,,False,,,
UVIC,Education,161,100-400,,,,,,,,,False,,,
EX3,Education,101,100-400,,,,,,,,,False,,,
The BRIT School,Education,270,100-400,,,,,,,,,False,,,
Christ's School,Education,150,100-400,,,,,,,,,False,,,
UK Research Partnership Investment Fund,Education,260,100-400,,,,,,,,,False,,,
Lincoln Bishop University Outreach Team,Education,113,100-400,,,,,,,,,False,,,
CACHE,Education,938,400-1000,,,,,,,,,False,,,
Echion Technologies,Education,118,100-400,,,,,,,,,False,,,
ESMS: Erskine Stewart's Melville Schools,Education,321,100-400,,,,,,,,,False,,,
EUROPEAN LEADERSHIP NETWORK,Education,130,100-400,,,,,,,,,False,,,
The Chiltern School,Education,200,100-400,,,,,,,,,False,,,
Bow School,Education,104,100-400,,,,,,,,,False,,,
EFFINGHAM SCHOOLS TRUST,Education,246,100-400,,,,,,,,,False,,,
Code Camp UK,Education,112,100-400,,,,,,,,,False,,,
Pontefract Academies Trust,Education,250,100-400,,,,,,,,,False,,,
SECAT,Education,250,100-400,,,,,,,,,False,,,
RADA Business,Education,102,100-400,,,,,,,,,False,,,
Mindful Education,Education,200,100-400,,,,,,,,,False,,,
The Thrive Programme,Education,147,100-400,,,,,,,,,False,,,
JERICHO,Education,136,100-400,,,,,,,,,False,,,
Jewish Community Academy Trust,Education,200,100-400,,,Edupay,Edupay,,,2027-03-31,2027-03-31,False,2026-09-30,,
Sponge,Education,206,100-400,,,,,,,,,False,,,
Castles Education LLP,Education,130,100-400,,,,,,,,,False,,,
The Radclyffe School,Education,250,100-400,,,,,,,,,False,,,
EIFA International School,Education,200,100-400,,,,,,,,,False,,,
Ruth Miskin Training,Education,103,100-400,,,,,,,,,False,,,
Walkden High School,Education,120,100-400,,,,,,,,,False,,,
DMAT,Education,245,100-400,,,,,,,,,False,,,
The Welfare Call Group,Education,200,100-400,,,,,,,,,False,,,
Hornsea School & Language College,Education,167,100-400,,,,,,,,,False,,,
The B2W Group,Education,250,100-400,,,,,,,,,False,,,
Somerhill,Education,147,100-400,,,,,,,,,False,,,
FourthRev,Education,116,100-400,,,,,,,,,False,,,
Twynham Learning,Education,900,400-1000,,,,,,,,,False,,,
MRS Training and Rescue,Education,129,100-400,,,,,,,,,False,,,
Wirral Met College,Education,552,400-1000,,,,,,,,,False,,,
Seymour House,Education,250,100-400,,,,,,,,,False,,,
HFL Education,Education,284,100-400,,,,,,,,,False,,,
Learna | Diploma MSc,Education,135,100-400,,,,,,,,,False,,,
Walsall Adult and Community College - WACC,Education,250,100-400,,,,,,,,,False,,,
Moorlands College,Education,200,100-400,,,,,,,,,False,,,
Cambridge Enterprise,Education,178,100-400,,,,,,,,,False,,,
Cardinal Newman Catholic School and Sixth Form,Education,272,100-400,,,,,,,,,False,,,
Deptford Green School,Education,200,100-400,,,,,,,,,False,,,
Henley Bank High School,Education,151,100-400,,,,,,,,,False,,,
Mintra,Education,196,100-400,,,,,,,,,False,,,
TRN Train Ltd,Education,200,100-400,,,,,,,,,False,,,
MyTutor.co.uk,Education,210,100-400,,,,,,,,,False,,,
Ormiston Rivers Academy,Education,163,100-400,,,,,,,,,False,,,
Swalcliffe Park School,Education,132,100-400,,,,,,,,,False,,,
Burlington House School,Education,131,100-400,,,,,,,,,False,,,
Northeastern University Strategic Innovation Lab,Education,141,100-400,,,,,,,,,False,,,
Sower International Education Group,Education,250,100-400,,,,,,,,,False,,,
Caterham School,Education,198,100-400,,,,,,,,,False,,,
UHI Perth,Education,307,100-400,,,,,,,,,False,,,
Murray Edwards College,Education,176,100-400,,,,,,,,,False,,,
East Park,Education,264,100-400,,,,,,,,,False,,,
Aspire People,Education,125,100-400,,,,,,,,,False,,,
Ark Evelyn Grace Academy,Education,123,100-400,,,,,,,,,False,,,
"St Bede's School, Redhill, Surrey",Education,334,100-400,,,,,,,,,False,,,
ScaleWise,Education,110,100-400,,,,,,,,,False,,,
Prestolee Multi-Academy Trust,Education,567,400-1000,,,,,,,,,False,,,
The Bridge Trust,Education,250,100-400,,,,,,,,,False,,,
plumstead manor school,Education,105,100-400,,,,,,,,,False,,,
GTC Scotland,Education,101,100-400,,,,,,,,,False,,,
Evident,Education,200,100-400,,,,,,,,,False,,,
Hodge Hill College,Education,322,100-400,,,,,,,,,False,,,
Waltham International College,Education,119,100-400,,,,,,,,,False,,,
South East Wales Education Achievement Service,Education,123,100-400,,,,,,,,,False,,,
Etio,Education,151,100-400,,,,,,,,,False,,,
The Bicester School,Education,381,100-400,,,,,,,,,False,,,
Homefield College,Education,138,100-400,,,,,,,,,False,,,
Watergrove Trust,Education,700,400-1000,,,,,,,,,False,,,
LIONS,Education,534,400-1000,,,,,,,,,False,,,
Acland Burghley School,Education,104,100-400,,,,,,,,,False,,,
Education For Industry Group,Education,101,100-400,,,,,,,,,False,,,
Five Acre Wood School,Education,306,100-400,,,,,,,,,False,,,
TASIS England,Education,264,100-400,,,,,,,,,False,,,
PHX Training,Education,200,100-400,,,,,,,,,False,,,
St Martin's Multi Academy Trust,Education,161,100-400,,,,,,,,,False,,,
Community Inclusive Trust,Education,275,100-400,,,,,,,,,False,,,
Institut français du Royaume-Uni,Education,200,100-400,,,,,,,,,False,,,
Little Forest Folk,Education,200,100-400,,,,,,,,,False,,,
Rikama Education,Education,250,100-400,,,,,,,,,False,,,
Hopscotch Day Nurseries Ltd,Education,423,400-1000,,,,,,,,,False,,,
Community Training Portal,Education,150,100-400,,,,,,,,,False,,,
Pilgrims - Teacher Training,Education,150,100-400,,,,,,,,,False,,,
Steadfast Training,Education,126,100-400,,,,,,,,,False,,,
asphaleia,Education,125,100-400,,,,,,,,,False,,,
Gardener Schools Group,Education,250,100-400,,,,,,,,,False,,,
Bolder Academy,Education,104,100-400,,,,,,,,,False,,,
Kennel Lane School,Education,170,100-400,,,,,,,,,False,,,
Pilot IMS LTD,Education,103,100-400,,,,,,,,,False,,,
Happy Days,Education,816,400-1000,,,,,,,,,False,,,
Sólás,Education,200,100-400,,,,,,,,,False,,,
Tenterden Schools Trust,Education,401,400-1000,,,,,,,,,False,,,
Portobello Institute,Education,101,100-400,,,,,,,,,False,,,
StudyIn,Education,100,100-400,,,,,,,,,False,,,
Futures For All,Education,168,100-400,,,,,,,,,False,,,
Simon Langton Girls' Grammar School,Education,144,100-400,,,,,,,,,False,,,
Integrity,Education,162,100-400,,,,,,,,,False,,,
Castleford Trust,Education,850,400-1000,,,,,,,,,False,,,
Beacon Hill School,Education,209,100-400,,,,,,,,,False,,,
Manor House School Bookham,Education,149,100-400,,,,,,,,,False,,,
Access Training,Education,125,100-400,,,,,,,,,False,,,
CAVENDISH SCHOOL LIMITED,Education,200,100-400,,,,,,,,,False,,,
King Edward Vii School,Education,200,100-400,,,,,,,,,False,,,
The National College,Education,171,100-400,,,,,,,,,False,,,
European School of Osteopathy,Education,112,100-400,,,,,,,,,False,,,
Central Foundation Boys School,Education,150,100-400,,,,,,,,,False,,,
St Christopher?s The Hall School,Education,103,100-400,,,,,,,,,False,,,
Leading Edge Academies Partnership,Education,380,100-400,,,,,,,,,False,,,
Warwick SU,Education,500,400-1000,,,,,,,,,False,,,
Learning Labs Tuition Group,Education,199,100-400,,,,,,,,,False,,,
Clinical & Rehabilitation Services at HSU,Education,156,100-400,,,,,,,,,False,,,
Oppidan Education,Education,160,100-400,,,,,,,,,False,,,
CST Training,Education,200,100-400,,,,,,,,,False,,,
English Path,Education,236,100-400,,,,,,,,,False,,,
Research England,Education,260,100-400,,,,,,,,,False,,,
The Langdon Foundation,Education,104,100-400,,,,,,,,,False,,,
Epsom Primary and Nursery School,Education,150,100-400,,,,,,,,,False,,,
Thames Learning Trust,Education,420,400-1000,,,,,,,,,False,,,
Bows and Arrows,Education,121,100-400,,,,,,,,,False,,,
Pontifical Catholic University Of Puerto Rico,Education,1000,1000+,,,,,,,,,False,,,
GLP Training,Education,150,100-400,,,,,,,,,False,,,
OXFORD SUMMER COURSES LIMITED,Education,106,100-400,,,,,,,,,False,,,
Calderstones School,Education,101,100-400,,,,,,,,,False,,,
Itec@the-centre,Education,200,100-400,,,,,,,,,False,,,
Oscott Manor School,Education,125,100-400,,,,,,,,,False,,,
Hult Ashridge Executive Education,Education,125,100-400,,,,,,,,,False,,,
Robust IT,Education,108,100-400,,,,,,,,,False,,,
Abacus Ark Nursery Schools,Education,105,100-400,,,,,,,,,False,,,
Assurety,Education,150,100-400,,,,,,,,,False,,,
St Joseph's College Reading,Education,149,100-400,,,,,,,,,False,,,
Rooks Heath School,Education,105,100-400,,,,,,,,,False,,,
Harris Academy Purley,Education,106,100-400,,,,,,,,,False,,,
Instant Funding,Education,147,100-400,,,,,,,,,False,,,
The Junction,Education,125,100-400,,,,,,,,,False,,,
Cambridge School of Visual & Performing Arts,Education,250,100-400,,,,,,,,,False,,,
GOSFORTH LIMITED,Education,690,400-1000,,,,,,,,,False,,,
London Borough Of Brent,Education,891,400-1000,,,,,,,,,False,,,
Oxford Royale,Education,102,100-400,,,,,,,,,False,,,
South Thames College,Education,600,400-1000,,,,,,,,,False,,,
SafeLives,Education,177,100-400,,,,,,,,,False,,,
UHI Moray,Education,350,100-400,,,,,,,,,False,,,
Realise Training,Education,201,100-400,,,,,,,,,False,,,
NIBRT,Education,150,100-400,,,,,,,,,False,,,
DCU Global,Education,10000,1000+,,,,,,,,,False,,,
City Education Group,Education,262,100-400,,,,,,,,,False,,,
UCC School Of Management & Marketing,Education,10000,1000+,,,,,,,,,False,,,
Minerva Virtual Academy,Education,112,100-400,,,,,,,,,False,,,
The Skills Centre,Education,101,100-400,,,,,,,,,False,,,
Coastland College,Education,520,400-1000,,,,,,,,,False,,,
Lion Cubs Nurseries,Education,200,100-400,,,,,,,,,False,,,
Coombe Academy Trust,Education,250,100-400,,,,,,,,,False,,,
Dublin City University,Education,2200,1000+,,,,,,,,,False,,,
University Of Limerick,Education,4051,1000+,,,,,,,,,False,,,
Regional Development Centre,Education,671,400-1000,,,,,,,,,False,,,
Digital Marketing Institute,Education,168,100-400,,,,,,,,,False,,,
"Saint Patrick's Cathedral, Dublin",Education,107,100-400,,,,,,,,,False,,,
Bright Horizons Family Solutions Inc,Education,32200,1000+,,,,,,,,,False,,,
Purple Ruler,Education,106,100-400,,,,,,,,,False,,,
Mosaic Learning Trust,Education,286,100-400,,,,,,,,,False,,,
Weald Of Kent Grammar School Academy Trust,Education,104,100-400,,,,,,,,,False,,,
Austin Elliot Consultancy,Education,125,100-400,,,,,,,,,False,,,
Trafford & Stockport College Group,Education,1000,1000+,Chris21,Chris21,Frontier,Frontier,2015-08-08,,,,True,,,
E-ACT,Education,2500,1000+,,,,,,,,,False,,,
Brunel University Of London,Education,2500,1000+,Unit4,Unit4,Agresso,Agresso,2016-01-06,,2016-01-06,,True,,,
Salford City College Group,Education,750,400-1000,Unknown Product,Unknown Product,Agresso,Agresso,,,,,False,,,
Royal Russell School,Education,250,100-400,,,CIPHR,CIPHR,,,,,False,,,
Latymer Upper School,Education,320,100-400,,,,CIPHR,,,,,False,,,
Winstanley College,Education,200,100-400,,,,,,,,,False,,,
Canford School,Education,300,100-400,,,Access Group,People HR,,,,,False,,,
Bryanston School,Education,250,100-400,,,CIPHR,CIPHR,,,,,False,,,
Cheadle Hulme School,Education,300,100-400,SnowdropKCS,SnowdropKCS,Sage,Sage,,,,,False,,,
Highbury College,Education,478,400-1000,ResourceLink,ResourceLink,Northgate,Northgate,,,,,False,,,
University of Stirling,Education,1700,1000+,Unknown Product,Unknown Product,SAP,SAP,,,,,False,,,
Middlesbrough College,Education,1100,1000+,PeopleXD,Access,Access Group,Access,,,,,False,,,
The Knowledge Academy,Education,188,100-400,,,,,,,,,False,,,
North London Collegiate School,Education,250,100-400,Sage50,Sage50,Sage,Sage,,,,,False,,,
University of Nottingham,Education,10000,1000+,,,Zellis,Zellis,,,,,False,,,
Hull College,Education,550,400-1000,,,Jane Systems,Jane Systems,,,,,False,,,
University of Dundee,Education,6000,1000+,,,,,2026-09-30,,2026-09-30,2026-09-30,False,2024-09-30,,
Robert Gordon University,Education,1800,1000+,ResourceLink,,Selima,Zellis,2024-10-01,,2024-10-01,,True,,,
University of Leicester,Education,3715,1000+,Unknown Product,Unknown Product,SAP,SAP,2026-01-31,,2026-01-31,,True,,,
Homerton College,Education,300,100-400,,,,,,,,,False,,,
Palmers College,Education,300,100-400,Unknown Product,Unknown Product,Cintra,Mondas,,,,,False,,,
International School of London,Education,272,100-400,,,,,,,,,False,,,
The Oratory School,Education,384,100-400,,Sage50,Sage,,,,,,False,,,
St Brendans Sixth Form College,Education,180,100-400,,,,,2026-01-01,,2026-01-01,,True,,,
St Francis Xavier Sixth Form College,Education,140,100-400,,,Sage,Access,2026-06-01,,,,True,,,
Royal Hospital School,Education,240,100-400,,Sage,Sage,IRIS,,,,,False,,,
Taunton School,Education,584,400-1000,,PASS,WCBS,IRIS,,,,,False,,,
Bath College,Education,460,400-1000,Access - Select HR,,Cintra,Access,,,,,False,,,
Midkent College,Education,739,400-1000,World Service,World Service,SFP,SFP,,,,,False,,,
Basingstoke College of Technology,Education,500,400-1000,Unknown Product,Unknown Product,SFP,SFP,,,,,False,,,
University of Surrey Students Union,Education,150,100-400,Unknown Product,Unknown Product,ADP,ADP,,,,,False,,,
Glasgow Caledonian University,Education,1550,1000+,Oracle Cloud HCM,,SD Worx,Oracle,2026-07-31,,2026-07-31,,True,,,
Birmingham City University,Education,5000,1000+,ResourceLink,ResourceLink,Zellis,Zellis,,,,,False,,,
Girton College,Education,400,400-1000,Unknown Product,EARNIE,Intex,IRIS,,,,,False,,,
Birkbeck University of London,Education,1446,1000+,Unknown Product,Unknown Product,Agresso,Agresso,,,,,False,,,
University of Surrey,Education,5800,1000+,PeopleSoft,ResourceLink,Zellis,Oracle,,,2022-11-11,,True,,,
University of West London,Education,2000,1000+,ResourceLink,ResourceLink,Zellis,Zellis,2025-06-30,,2025-06-30,,True,,,
King?s Academy Prospect,Education,201,100-400,Unknown Product,Moorepay,Northgate,Cezanne,,,,,False,,,
Heston Community School,Education,167,100-400,,,,,,,,,False,,,
Queenswood School,Education,300,100-400,,,,,,,,,False,,,
Sunbury Manor School,Education,145,100-400,,,,,,,,,False,,,
UKCBC,Education,100,100-400,Unknown Product,Unknown Product,Peninsula,Peninsula,,,,,False,,,
St AndrewÕs Infant School,Education,120,100-400,,,,,,,,,False,,,
Epsom Down Primary School,Education,120,100-400,,,,,,,,,False,,,
Trinity Catholic High School,Education,175,100-400,,,,,,,,,False,,,
Greig City Academy,Education,140,100-400,,,,,,,,,False,,,
Harrogate Ladies' College,Education,180,100-400,,,,,,,,,False,,,
Cranleigh School,Education,450,400-1000,,,,,2029-07-04,,,2029-07-04,False,2028-07-04,,
Tudhoe Learning Trust,Education,300,100-400,,,,,,,,,False,,,
BPP,Education,2100,1000+,ResourceLink,ResourceLink,Zellis,Zellis,2024-01-25,,,,True,,,
Ortu Federation,Education,401,400-1000,,,,,,,,,False,,,
South West College,Education,600,400-1000,Unknown Product,Unknown Product,Agresso,Agresso,,,,,False,,,
Cognita,Education,3500,1000+,,,,,,,,,False,,,
QUEST,Education,214,100-400,,,,,,,,,False,,,
University College Cork,Education,2704,1000+,Unknown Product,Unknown Product,Core International,Core International,,,,,False,,,
Wade Deacon Trust,Education,760,400-1000,,,,EveryHR,2027-04-30,,,2027-04-30,False,2026-04-30,,
The Key Support Services,Education,156,100-400,,,,,,,,,False,,,
West Thames College,Education,835,400-1000,Unknown Product,Unknown Product,Other LA,Select HR,,,,,False,,,
NCFE,Education,928,400-1000,,,,,,,,,False,,,
Newbury College,Education,200,100-400,Unknown Product,Unknown Product,Bond Group,Bond Group,,,,,False,,,
Inspired Education Group,Education,560,400-1000,,EARNIE,Intex,,,,,,False,,,
My Choice School - Ivy Cottage,Education,100,100-400,,,,,,,,,False,,,
Gower College Swansea,Education,1000,1000+,,,,Jane Systems,,,,,False,,,
Outcomes First Group,Education,5500,1000+,Access - Core HR,Access,Access Group,Access,,,,,False,,,
Global University Systems,Education,750,400-1000,,,,,,,,,False,,,
Blackpool Sixth,Education,145,100-400,,,,,,,,,False,,,
St Swithun's School,Education,380,100-400,,EARNIE,Intex,,2027-05-09,,2024-05-09,2027-05-09,True,2026-11-09,,
Wellspring Academy Trust,Education,2300,1000+,,,Frontier,Frontier,,,,,False,,,
DN Colleges Group,Education,1200,1000+,Chris21,Chris21,Frontier,Frontier,,,,,False,,,
Trust In Learning Academies (TILA),Education,401,400-1000,,,Civica,Civica,2026-02-10,,2026-02-10,,True,,,
Liverpool John Moores University,Education,1500,1000+,Unknown Product,Unknown Product,Oracle,Oracle,2024-08-31,,2024-08-31,,True,,,
Woodhouse College,Education,160,100-400,,,,,,,,,False,,,
Washwood Heath Multi Academy Trust,Education,748,400-1000,,,SAMpeople,SAMpeople,2028-06-30,,2028-03-31,2028-03-31,False,2027-03-31,,
Peterborough Diocese Education Trust,Education,980,400-1000,,,Access Group,Access,2029-07-13,,,2029-07-13,False,2028-07-13,,
Cirencester Kingshill School,Education,150,100-400,,,,,,,,,False,,,
University of Bradford,Education,1561,1000+,ResourceLink,ResourceLink,Zellis,Zellis,2024-07-31,2024-07-31,2024-07-31,,True,,,
Flourish Learning Trust,Education,350,100-400,Unknown Product,Unknown Product,SAP,SAP,2019-08-01,,2019-08-01,,True,,,
The Mirfield Free Grammar and Sixth Form,Education,380,100-400,,,,,,,,,False,,,
The Howard Partnership Trust,Education,1000,1000+,,,IRIS,,,,,,False,,,
Abingdon School,Education,335,100-400,,,CIPHR,CIPHR,,,,,False,,,
Staploe Education Trust,Education,350,100-400,,,,,,,,,False,,,
Buckinghamshire Learning Trust,Education,350,100-400,,,,,,,,,False,,,
Francis Holland Schools (FHS Trust),Education,350,100-400,,,,,,,,,False,,,
Kingston University,Education,4000,1000+,Unit4 Business Software,Business World,Agresso,Agresso,2027-03-24,,2027-03-24,2027-03-24,False,2025-03-24,,
Pembrokeshire College,Education,550,400-1000,,Unknown Product,Bond Group,IRIS,,,,,False,,,
University of Limerick,Education,1444,1000+,Unknown Product,Unknown Product,Core International,Core International,,,,,False,,,
WCG,Education,1500,1000+,Unknown Product,Unknown Product,Select HR,Select HR,,,2014-12-10,,True,,,
Robert Gordon's College,Education,300,100-400,,PASS,WCBS,CIPHR,,,,,False,,,
Greenwood Academies Trust,Education,1000,1000+,,Unknown Product,Other LA,SAMpeople,2029-01-19,,2027-01-01,2027-01-01,False,2025-01-01,,
Stamford Endowed Schools,Education,550,400-1000,,,IRIS,IRIS,,,,,False,,,
KGV Sixth Form College,Education,206,100-400,,,Frontier,Frontier,,,,,False,,,
King Edward VI College Nuneaton,Education,120,100-400,,,,,,,,,False,,,
Aston Community Education Trust,Education,740,400-1000,,,,,,,,,False,,,
Loreto College,Education,300,100-400,Unknown Product,,,Capita,,,,,False,,,
Leicester Grammar School Trust,Education,250,100-400,,,,,,,,,False,,,
Northern Regional College,Education,900,400-1000,QLX,QLX,Agresso,Agresso,,,,,False,,,
City Lit,Education,1113,1000+,Access,Access,Access Group,Access,,,,,False,,,
HSDC Havant & South Downs Historic Account,Education,1000,1000+,Unknown Product,Chris21,Frontier,Oracle,,,,,False,,,
The Quality Assurance Agency For Higher Education,Education,104,100-400,Unknown Product,Unknown Product,Access Group,Select HR,,,,,False,,,
North Highland College,Education,250,100-400,Chris21,Chris21,Frontier,Frontier,,,,,False,,,
City of Dublin Education and Training Board,Education,3200,1000+,,,CoreHR,CoreHR,,,,,False,,,
Plymouth CAST,Education,1102,1000+,,,,,,,,,False,,,
South Eastern Regional College,Education,600,400-1000,Unknown Product,Unknown Product,Agresso,Agresso,,,,,False,,,
North West Regional College,Education,250,100-400,In House,In House,,,,,,,False,,,
Southern Regional College,Education,900,400-1000,,,,,,,,,False,,,
Winchmore School,Education,200,100-400,,,,,,,,,False,,,
Tolworth Girls' School & Sixth Form,Education,200,100-400,,,,,,,,,False,,,
EKO Trust,Education,300,100-400,,,,,,,,,False,,,
The Howard Academy Trust,Education,700,400-1000,,,,,,,,,False,,,
North Kesteven School,Education,200,100-400,,,,,,,,,False,,,
"The Sixth Form College, Farnborough",Education,350,100-400,Unknown Product,Unknown Product,Cintra,Cintra,2013-01-03,,2013-01-03,,True,,,
Academy Transformation Trust,Education,1800,1000+,Access,Access,Access Group,Access,,,,,False,,,
Carmel College,Education,150,100-400,,,,,,,,,False,,,
Barking & Dagenham College,Education,500,400-1000,,,,,,,,,False,,,
Romero Catholic Academy Trust,Education,900,400-1000,,,,,,,,,False,,,
Northern College for Adults,Education,115,100-400,,,,,,,,,False,,,
David Ross Education Trust,Education,2100,1000+,PeopleXD,,IRIS,Access,,,,,False,,,
The Portsmouth Grammar School,Education,350,100-400,,,IRIS,IRIS,,,,,False,,,
Fairley House School,Education,100,100-400,,,,,,,,,False,,,
Wonder Learning Partnership,Education,525,400-1000,,,,,,,,,False,,,
St Catherine?s College Oxford,Education,450,400-1000,Opera,Opera,Pegasus,Pegasus,,,2013-01-06,,True,,,
Wyke Sixth Form College,Education,206,100-400,,,,,,,,,False,,,
Mowbray Education Trust,Education,556,400-1000,Carvel,,,,,,,,False,,,
Wycombe Abbey School,Education,650,400-1000,,,IRIS,,,,,,False,,,
Future Schools Trust,Education,401,400-1000,,,,,,,,,False,,,
Southport College,Education,332,100-400,Unknown Product,Unknown Product,Logica CMG,Logica CMG,2028-06-23,,2028-06-23,2028-06-23,False,2027-12-23,,
Coleg Cambria,Education,700,400-1000,,,CIPHR,CIPHR,2028-01-10,,2028-01-10,2028-01-10,False,2027-01-10,,
Kerry Education Service,Education,700,400-1000,,,,,,,,,False,,,
Bromsgrove School,Education,750,400-1000,,,Sage,Sage,,,,,False,,,
Diocese of St Albans Multi-Academy Trust,Education,600,400-1000,,,,,,,,,False,,,
Ardingly College,Education,550,400-1000,Unknown Product,Unknown Product,West Country Business Systems,West Country Business Systems,,,,,False,,,
Brooklands College,Education,209,100-400,,,Civica,Civica,2025-08-01,,2025-08-01,,True,,,
National College of High Speed Rail,Education,150,100-400,,,,,,,,,False,,,
Laois and Offaly ETB,Education,600,400-1000,,,,,,,,,False,,,
International School of Aberdeen,Education,110,100-400,In House,Sage,Sage,,,,,,False,,,
Castle School Education Trust,Education,700,400-1000,,,NeoPeople,NeoPeople,2029-07-06,,,2029-07-06,False,2028-07-06,,
Uplands Educational Trust,Education,300,100-400,,,,,,,,,False,,,
Bennett Memorial Diocesan School,Education,300,100-400,,,,,,,,,False,,,
Cardinal Newman College,Education,200,100-400,,,,,,,,,False,,,
Newbattle Abbey College,Education,480,400-1000,,,,,,,,,False,,,
